source,column,category,model_role,dtype,n_rows,non_null,missing,missing_fraction,unique_values,first_valid_value,last_valid_value,numeric_non_null,numeric_mean,numeric_std,numeric_min,numeric_median,numeric_max,zero_count
raw_csv,_id,row identifier,not used in current PH_2 model validation,str,1086,1086,0,0.0,1086,6a02328ee3a46fc284e5c48a,6a076e3c1e6661a6e224f9e7,0,,,,,,0
raw_csv,utc_time,time,chronological sorting and elapsed-time calculation,str,1086,1086,0,0.0,1086,2026-05-11T19:46:07.807Z,2026-05-15T19:03:18.401Z,0,,,,,,0
raw_csv,episode_number,controller log,trial segmentation,int64,1086,1086,0,0.0,26,1,26,1086,8.241252302025783,7.074246920358524,1.0,5.0,26.0,0
raw_csv,step_number,controller log,trial segmentation,int64,1086,1086,0,0.0,30,0,8,1086,8.048802946593002,7.38502741377092,0.0,6.0,29.0,85
raw_csv,target_ph,controller log,"controller target log, intentionally not used for model validation",float64,1086,1086,0,0.0,21,4.7,4.6,1086,4.689410681399632,0.6204860758758802,3.7,4.7,5.7,0
raw_csv,observation.utc_time,time,not used in current PH_2 model validation,str,1086,1086,0,0.0,1086,2026-05-11T19:46:07.807Z,2026-05-15T19:03:18.401Z,0,,,,,,0
raw_csv,observation.biosmb-sensors.P_1,pressure sensor,not used in current PH_2 model validation,float64,1086,1086,0,0.0,564,0.5147764682769775,0.3215217590332031,1086,0.45288101260014524,0.26505121576711144,-0.091496944,0.47757923603057856,1.0791494846343994,0
raw_csv,observation.biosmb-sensors.P_2,pressure sensor,not used in current PH_2 model validation,float64,1086,1086,0,0.0,553,0.4856472015380859,0.3657450675964355,1086,0.4535283855680138,0.26163835817887,-0.081085205,0.4804718494415283,1.0860216617584229,0
raw_csv,observation.biosmb-sensors.P_3,pressure sensor,not used in current PH_2 model validation,float64,1086,1086,0,0.0,565,0.7183353900909424,0.5264923572540283,1086,0.6789650778777229,0.27523598302176133,0.1126966476440429,0.7019901275634766,1.3291354179382324,0
raw_csv,observation.biosmb-sensors.P_4,pressure sensor,not used in current PH_2 model validation,float64,1086,1086,0,0.0,59,-0.025031328,-0.006905079,1086,-0.007845405994577885,0.019998106564699275,-0.036252022,-0.007768393,0.031936407,0
raw_csv,observation.biosmb-sensors.P_5,pressure sensor,not used in current PH_2 model validation,float64,1086,1086,0,0.0,26,0.0134661197662353,0.005470634,1086,0.0030317098157673474,0.0024171200055805504,-0.002524972,0.003787279,0.0134661197662353,22
raw_csv,observation.biosmb-sensors.P_6,pressure sensor,not used in current PH_2 model validation,float64,1086,1086,0,0.0,15,0.1641197204589843,0.1658030748367309,1086,0.16359931065891323,0.001281277403357091,0.1599115133285522,0.1641197204589843,0.1666446924209594,0
raw_csv,observation.biosmb-sensors.P_7,pressure sensor,not used in current PH_2 model validation,float64,1086,1086,0,0.0,28,0.080797315,0.09215939,1086,0.08637260515930019,0.0050080948522318635,0.077430725,0.08879292,0.092580318,0
raw_csv,observation.biosmb-sensors.PH_1,pH sensor,"unreliable pH sensor, intentionally not used",float64,1086,1086,0,0.0,241,1.958831787109375,8.520477294921875,1086,7.133101264854455,2.0180755564018336,1.856781005859375,8.183731079101562,9.122589111328123,0
raw_csv,observation.biosmb-sensors.PH_2,pH sensor,measured output,float64,1086,1086,0,0.0,799,4.414143562316895,4.993066787719727,1086,4.437360802187884,0.3073673422199107,3.5716724395751958,4.46018123626709,5.218570709228516,0
raw_csv,observation.biosmb-sensors.COND_1,conductivity sensor,not used in current PH_2 model validation,float64,1086,1086,0,0.0,1077,0.2349088191986084,0.2386145889759063,1086,0.23721827699679862,0.0011447057737940874,0.2348391264677047,0.23768069595098495,0.2387123554944992,0
raw_csv,observation.biosmb-sensors.COND_2,conductivity sensor,not used in current PH_2 model validation,float64,1086,1086,0,0.0,1086,-0.102289677,-0.129239082,1086,-0.11957456849171273,0.007378475876022977,-0.131778836,-0.121680766,-0.100150883,0
raw_csv,observation.biosmb-sensors.COND_3,conductivity sensor,not used in current PH_2 model validation,float64,1086,1086,0,0.0,1086,1.923943400382996,5.125311374664307,1086,2.494563151983849,0.8774581609789692,0.001324803,2.4519847631454468,5.125311374664307,0
raw_csv,observation.biosmb-sensors.COND_4,conductivity sensor,not used in current PH_2 model validation,float64,1086,1086,0,0.0,1086,2.079235792160034,5.236286163330078,1086,2.780920712490827,0.8934360668518849,0.5620070099830627,2.7325462102890015,5.321990489959717,0
raw_csv,observation.biosmb-sensors.UV_1A,UV sensor,not used in current PH_2 model validation,int64,1086,1086,0,0.0,1,0,0,1086,0.0,0.0,0.0,0.0,0.0,1086
raw_csv,observation.biosmb-sensors.UV_1B,UV sensor,not used in current PH_2 model validation,int64,1086,1086,0,0.0,1,0,0,1086,0.0,0.0,0.0,0.0,0.0,1086
raw_csv,observation.biosmb-sensors.UV_1C,UV sensor,not used in current PH_2 model validation,int64,1086,1086,0,0.0,1,0,0,1086,0.0,0.0,0.0,0.0,0.0,1086
raw_csv,observation.biosmb-sensors.UV_2A,UV sensor,not used in current PH_2 model validation,float64,1086,1086,0,0.0,38,0.0,0.0,1086,0.0001007197384786359,0.0008132736267062244,0.0,0.0,0.0166144166141748,1049
raw_csv,observation.biosmb-sensors.UV_2B,UV sensor,not used in current PH_2 model validation,float64,1086,1086,0,0.0,8,0.0,0.0,1086,0.0005209944764181421,0.008003179509035509,0.0,0.0,0.1671610176563263,1079
raw_csv,observation.biosmb-sensors.UV_2C,UV sensor,not used in current PH_2 model validation,float64,1086,1086,0,0.0,6,0.0,0.0,1086,0.00028513718115667476,0.004800873731510241,0.0,0.0,0.1026954427361488,1081
raw_csv,observation.biosmb-sensors.UV_3A,UV sensor,not used in current PH_2 model validation,float64,1086,1086,0,0.0,229,0.0108259730041027,0.0,1086,0.00607259159767308,0.014531219057779045,0.0,0.0,0.1607254296541214,856
raw_csv,observation.biosmb-sensors.UV_3B,UV sensor,not used in current PH_2 model validation,float64,1086,1086,0,0.0,403,0.1341863721609115,0.0,1086,0.024954712298457794,0.04419797594515761,0.0,0.0,0.3051030933856964,683
raw_csv,observation.biosmb-sensors.UV_3C,UV sensor,not used in current PH_2 model validation,float64,1086,1086,0,0.0,363,0.006631267,0.0,1086,0.012550731987017505,0.022604341892086172,0.0,0.0,0.1470457911491394,723
raw_csv,observation.biosmb-sensors.UV_4A,UV sensor,not used in current PH_2 model validation,int64,1086,1086,0,0.0,1,0,0,1086,0.0,0.0,0.0,0.0,0.0,1086
raw_csv,observation.biosmb-sensors.UV_4B,UV sensor,not used in current PH_2 model validation,int64,1086,1086,0,0.0,1,0,0,1086,0.0,0.0,0.0,0.0,0.0,1086
raw_csv,observation.biosmb-sensors.UV_4C,UV sensor,not used in current PH_2 model validation,int64,1086,1086,0,0.0,1,0,0,1086,0.0,0.0,0.0,0.0,0.0,1086
raw_csv,observation.biosmb-flows[0],flow,acetic acid inlet,float64,1086,1086,0,0.0,1086,8.549332618713379,1.5474485158920288,1086,5.4610228196043025,2.654817122277634,0.0,5.5827343463897705,9.971034049987791,1
raw_csv,observation.biosmb-flows[1],flow,sodium acetate inlet,float64,1086,1086,0,0.0,1086,3.926202774047852,9.401263236999512,1086,5.7702715674569,2.6300898277110734,0.0,5.959181547164917,9.993937492370604,1
raw_csv,observation.biosmb-flows[2],flow,Arium water inlet,float64,1086,1086,0,0.0,1086,4.3504838943481445,1.0609419345855713,1086,5.110772009163247,2.627761170951429,0.0,4.807660341262817,9.969668388,1
raw_csv,observation.biosmb-flows[3],flow,unused logged flow channel,int64,1086,1086,0,0.0,1,0,0,1086,0.0,0.0,0.0,0.0,0.0,1086
raw_csv,observation.biosmb-flows[4],flow,unused logged flow channel,int64,1086,1086,0,0.0,1,0,0,1086,0.0,0.0,0.0,0.0,0.0,1086
raw_csv,observation.biosmb-flows[5],flow,unused logged flow channel,int64,1086,1086,0,0.0,1,0,0,1086,0.0,0.0,0.0,0.0,0.0,1086
raw_csv,observation.biosmb-flows[6],flow,unused logged flow channel,int64,1086,1086,0,0.0,1,0,0,1086,0.0,0.0,0.0,0.0,0.0,1086
raw_csv,observation.mfcs-mass.acid-mass-grams,mass balance,not used in current PH_2 model validation,float64,1086,1086,0,0.0,952,2912.42,1204.98,1086,2165.089880294659,502.45275775752526,1113.0,2109.205,3161.48,0
raw_csv,observation.mfcs-mass.sodium-mass-grams,mass balance,not used in current PH_2 model validation,float64,1086,1086,0,0.0,959,2948.33,1348.48,1086,2339.900119705341,475.40052834128676,1319.57,2289.385,3233.3,0
raw_csv,observation.mfcs-mass.water-mass-grams,mass balance,not used in current PH_2 model validation,float64,1086,1086,0,0.0,954,2939.09,1376.97,1086,2231.3326979742174,484.59190843886296,1137.08,2183.195,3232.1800000000003,0
