group,description,n_intervals,median_dt_s,mean_dt_s,std_dt_s,min_dt_s,p05_dt_s,p95_dt_s,max_dt_s,intervals_45_to_90_s,fraction_45_to_90_s,intervals_gt_15_min,trial_id,session_id,split,n_total,n_model_valid,start_time,end_time
trial_0,trial_id 0,19,140.911,140.9831052631579,0.4896760714704751,140.217,140.4609,141.5113,142.522,0,0.0,0,0,0,train,20,20,2026-05-11 19:46:07.807000+00:00,2026-05-11 20:30:46.486000+00:00
trial_1,trial_id 1,30,141.436,2158.3634333333334,11047.308218442313,138.312,139.86105,143.63735,60650.009,0,0.0,1,1,1,train,30,30,2026-05-12 13:21:36.495000+00:00,2026-05-12 14:29:57.389000+00:00
trial_2,trial_id 2,30,141.8835,141.86443333333332,0.4212541769635008,141.218,141.31705,142.5207,142.968,0,0.0,0,2,1,train,30,30,2026-05-12 14:32:18.768000+00:00,2026-05-12 15:40:53.322000+00:00
trial_3,trial_id 3,30,142.404,142.37460000000002,0.5894627945908866,141.22,141.506,143.2353,143.561,0,0.0,0,3,1,train,30,30,2026-05-12 15:43:15.106000+00:00,2026-05-12 16:52:04.560000+00:00
trial_4,trial_id 4,5,142.423,142.3748,0.8563084724560389,141.026,141.2798,143.2306,143.341,0,0.0,0,4,1,train,5,5,2026-05-12 16:54:25.586000+00:00,2026-05-12 17:03:56.434000+00:00
trial_5,trial_id 5,30,142.3955,222.53393333333327,439.0416155417533,141.177,141.3483,144.3602,2547.103,0,0.0,1,5,2,train,30,30,2026-05-12 17:46:23.537000+00:00,2026-05-12 18:55:12.452000+00:00
trial_6,trial_id 6,30,142.13850000000002,142.11613333333332,0.39661844196374374,141.462,141.53895,142.83915,142.912,0,0.0,0,6,2,train,30,30,2026-05-12 18:57:34.436000+00:00,2026-05-12 20:06:15.936000+00:00
trial_7,trial_id 7,30,141.7945,141.83063333333334,0.4587231516776301,141.02,141.17715,142.66375,143.042,0,0.0,0,7,2,train,30,30,2026-05-12 20:08:37.316000+00:00,2026-05-12 21:17:10.855000+00:00
trial_8,trial_id 8,30,141.7645,141.7923,0.39509546205686813,140.913,141.13569999999999,142.38085,142.625,0,0.0,0,8,2,train,30,0,2026-05-12 21:19:32.410000+00:00,2026-05-12 22:28:04.624000+00:00
trial_9,trial_id 9,30,141.485,141.4017333333333,0.8352849166326554,140.123,140.1774,142.6397,143.142,0,0.0,0,9,2,train,30,0,2026-05-12 22:30:26.019000+00:00,2026-05-12 23:38:46.676000+00:00
trial_10,trial_id 10,26,140.50349999999997,140.49384615384616,0.2609781128459163,140.001,140.06900000000002,140.80124999999998,141.098,0,0.0,0,10,2,train,26,0,2026-05-12 23:41:07.484000+00:00,2026-05-13 00:39:39.516000+00:00
trial_11,trial_id 11,30,140.3185,1682.2162999999998,8444.911194592152,140.057,140.0964,141.96474999999998,46395.077,0,0.0,1,11,3,train,30,30,2026-05-13 13:32:54.593000+00:00,2026-05-13 14:40:46.005000+00:00
trial_12,trial_id 12,30,140.2935,140.26510000000002,0.1640772210965266,139.86,139.94675,140.46295,140.495,0,0.0,0,12,3,train,30,30,2026-05-13 14:43:06.264000+00:00,2026-05-13 15:50:53.958000+00:00
trial_13,trial_id 13,30,140.41449999999998,140.41963333333334,0.24860652796563018,139.982,140.06990000000002,140.89115,140.947,0,0.0,0,13,3,train,30,30,2026-05-13 15:53:14.452000+00:00,2026-05-13 17:01:06.547000+00:00
trial_14,trial_id 14,30,140.223,140.24573333333333,0.24523752502046015,139.704,139.8887,140.565,140.624,0,0.0,0,14,3,train,30,30,2026-05-13 17:03:27.121000+00:00,2026-05-13 18:11:13.919000+00:00
trial_15,trial_id 15,6,139.93099999999998,139.89633333333333,0.14146896008194945,139.634,139.69275,140.02025,140.034,0,0.0,0,15,3,train,6,6,2026-05-13 18:13:33.788000+00:00,2026-05-13 18:25:13.297000+00:00
trial_16,trial_id 16,2,39660.4485,39660.4485,55987.60972645183,71.23,4030.1518500000006,75290.74515,79249.667,1,0.5,1,16,4,train,2,2,2026-05-14 16:26:02.964000+00:00,2026-05-14 16:27:14.194000+00:00
trial_17,trial_id 17,10,69.7315,80.54190000000001,33.468552601077796,69.535,69.55749999999999,128.83879999999988,175.781,9,0.9,0,17,4,train,10,10,2026-05-14 16:30:09.975000+00:00,2026-05-14 16:40:39.613000+00:00
trial_18,trial_id 18,10,70.0745,70.0229,0.12339138273531661,69.75,69.79814999999999,70.11875,70.13,10,1.0,0,18,4,train,10,10,2026-05-14 16:41:49.706000+00:00,2026-05-14 16:52:19.842000+00:00
trial_19,trial_id 19,10,70.084,70.06719999999999,0.11659788448624071,69.891,69.91395,70.2245,70.247,10,1.0,0,19,4,train,10,10,2026-05-14 16:53:29.733000+00:00,2026-05-14 17:04:00.514000+00:00
trial_20,trial_id 20,10,70.0535,70.02860000000001,0.1294108015412754,69.843,69.8439,70.18719999999999,70.243,10,1.0,0,20,4,train,10,10,2026-05-14 17:05:10.631000+00:00,2026-05-14 17:15:40.800000+00:00
trial_21,trial_id 21,10,70.0235,70.0285,0.09612983118909586,69.882,69.90495,70.1801,70.181,10,1.0,0,21,4,train,10,10,2026-05-14 17:16:50.776000+00:00,2026-05-14 17:27:21.085000+00:00
trial_22,trial_id 22,10,70.0955,70.05330000000001,0.12385569560312064,69.851,69.8861,70.18884999999999,70.21,10,1.0,0,22,4,train,10,10,2026-05-14 17:28:31.023000+00:00,2026-05-14 17:39:01.618000+00:00
trial_23,trial_id 23,10,70.1865,70.174,0.15130102445125576,69.932,69.96935,70.3817,70.478,10,1.0,0,23,4,train,10,10,2026-05-14 17:40:11.882000+00:00,2026-05-14 17:50:43.358000+00:00
trial_24,trial_id 24,10,70.03450000000001,70.06750000000001,0.10018566098333045,69.968,69.97835,70.24775,70.25,10,1.0,0,24,4,train,10,10,2026-05-14 17:51:53.349000+00:00,2026-05-14 18:02:24.033000+00:00
trial_25,trial_id 25,10,70.071,70.0595,0.11559820260040539,69.812,69.88625,70.1959,70.231,10,1.0,0,25,4,train,10,10,2026-05-14 18:03:34.065000+00:00,2026-05-14 18:14:04.628000+00:00
trial_26,trial_id 26,10,70.03450000000001,69.9473,0.31664703447915826,69.151,69.4039,70.2244,70.237,10,1.0,0,26,4,train,10,10,2026-05-14 18:15:14.837000+00:00,2026-05-14 18:25:44.101000+00:00
trial_27,trial_id 27,10,70.01050000000001,70.00959999999999,0.245500033944328,69.543,69.61725,70.3181,70.355,10,1.0,0,27,4,train,10,10,2026-05-14 18:26:53.644000+00:00,2026-05-14 18:37:24.197000+00:00
trial_28,trial_id 28,10,70.0275,70.01050000000001,0.15645180301507217,69.806,69.81184999999999,70.2375,70.278,10,1.0,0,28,4,train,10,10,2026-05-14 18:38:34.262000+00:00,2026-05-14 18:49:04.302000+00:00
trial_29,trial_id 29,10,70.0265,70.04339999999999,0.125488556361836,69.813,69.8733,70.22265,70.242,10,1.0,0,29,4,train,10,10,2026-05-14 18:50:14.380000+00:00,2026-05-14 19:00:44.736000+00:00
trial_30,trial_id 30,10,70.08449999999999,70.1161,0.2266335515025647,69.793,69.8776,70.51254999999999,70.567,10,1.0,0,30,4,train,10,10,2026-05-14 19:01:54.826000+00:00,2026-05-14 19:12:25.897000+00:00
trial_31,trial_id 31,10,70.1585,70.1789,0.16551700147651763,69.962,69.9962,70.43165,70.568,10,1.0,0,31,4,train,10,10,2026-05-14 19:13:36.465000+00:00,2026-05-14 19:24:07.686000+00:00
trial_32,trial_id 32,9,70.083,70.1468888888889,0.12831450078269122,70.02,70.02,70.3218,70.325,9,1.0,0,32,4,train,9,9,2026-05-14 19:25:18.011000+00:00,2026-05-14 19:34:39.008000+00:00
trial_33,trial_id 33,10,69.3215,969.1343,2844.7769064377167,69.099,69.1197,5018.32124999999,9065.511,9,0.9,1,33,5,train,10,0,2026-05-14 22:05:44.519000+00:00,2026-05-14 22:16:10.351000+00:00
trial_34,trial_id 34,1,69.396,69.396,,69.396,69.396,69.396,69.396,1,1.0,0,34,5,train,1,1,2026-05-14 22:17:19.747000+00:00,2026-05-14 22:17:19.747000+00:00
trial_35,trial_id 35,10,69.16300000000001,90.4999,66.72189643829245,68.891,68.97155,186.4537499999998,280.38,9,0.9,0,35,5,train,10,10,2026-05-14 22:22:00.127000+00:00,2026-05-14 22:32:24.746000+00:00
trial_36,trial_id 36,10,69.223,69.187,0.1676146373878685,68.816,68.9159,69.355,69.355,10,1.0,0,36,5,train,10,10,2026-05-14 22:33:34.101000+00:00,2026-05-14 22:43:56.616000+00:00
trial_37,trial_id 37,10,69.18,69.1409,0.0958232748344596,68.948,68.98445,69.23125,69.238,10,1.0,0,37,5,train,10,10,2026-05-14 22:45:05.820000+00:00,2026-05-14 22:55:28.025000+00:00
trial_38,trial_id 38,10,69.0985,69.1307,0.1264858797565087,68.959,68.98555,69.3124,69.361,10,1.0,0,38,5,train,10,10,2026-05-14 22:56:37.104000+00:00,2026-05-14 23:06:59.332000+00:00
trial_39,trial_id 39,10,69.1505,69.18010000000001,0.11286811379265385,69.006,69.04065,69.33550000000001,69.358,10,1.0,0,39,5,train,10,10,2026-05-14 23:08:08.487000+00:00,2026-05-14 23:18:31.133000+00:00
trial_40,trial_id 40,10,69.1765,69.1707,0.18388707283426753,68.905,68.92345,69.4276,69.559,10,1.0,0,40,5,train,10,10,2026-05-14 23:19:40.400000+00:00,2026-05-14 23:30:02.840000+00:00
trial_41,trial_id 41,10,69.164,69.1553,0.0890468665616281,69.007,69.03985,69.27775,69.352,10,1.0,0,41,5,train,10,10,2026-05-14 23:31:11.920000+00:00,2026-05-14 23:41:34.393000+00:00
trial_42,trial_id 42,10,69.1,69.11330000000001,0.1374999393939271,68.839,68.93755,69.3019,69.391,10,1.0,0,42,5,train,10,10,2026-05-14 23:42:43.586000+00:00,2026-05-14 23:53:05.526000+00:00
trial_43,trial_id 43,10,68.9925,69.04469999999999,0.11974885756819888,68.928,68.9442,69.26025,69.294,10,1.0,0,43,5,train,10,10,2026-05-14 23:54:14.552000+00:00,2026-05-15 00:04:35.973000+00:00
trial_44,trial_id 44,10,69.09700000000001,69.1246,0.09347631904510584,69.009,69.02250000000001,69.2767,69.283,10,1.0,0,44,5,train,10,10,2026-05-15 00:05:45.242000+00:00,2026-05-15 00:16:07.219000+00:00
trial_45,trial_id 45,10,69.08449999999999,69.12039999999999,0.1309861739947296,68.95,68.98195,69.33,69.384,10,1.0,0,45,5,train,10,10,2026-05-15 00:17:16.406000+00:00,2026-05-15 00:27:38.423000+00:00
trial_46,trial_id 46,10,69.092,69.12519999999999,0.12174727923038076,68.986,68.99815000000001,69.3232,69.343,10,1.0,0,46,5,train,10,10,2026-05-15 00:28:47.722000+00:00,2026-05-15 00:39:09.675000+00:00
trial_47,trial_id 47,10,69.29050000000001,69.24280000000002,0.12301562683027159,69.037,69.05635000000001,69.3957,69.429,10,1.0,0,47,5,train,10,10,2026-05-15 00:40:18.755000+00:00,2026-05-15 00:50:42.103000+00:00
trial_48,trial_id 48,10,69.19900000000001,69.18100000000001,0.1408845074678016,68.898,68.95694999999999,69.34295,69.374,10,1.0,0,48,5,train,10,10,2026-05-15 00:51:51.001000+00:00,2026-05-15 01:02:13.913000+00:00
trial_49,trial_id 49,10,69.1815,69.23209999999999,0.14839994758908825,69.023,69.0662,69.4738,69.526,10,1.0,0,49,5,train,10,10,2026-05-15 01:03:23.439000+00:00,2026-05-15 01:13:46.234000+00:00
trial_50,trial_id 50,10,69.18950000000001,69.15209999999999,0.2053048952168452,68.714,68.8499,69.38034999999999,69.442,10,1.0,0,50,5,train,10,10,2026-05-15 01:14:55.539000+00:00,2026-05-15 01:25:17.755000+00:00
trial_51,trial_id 51,10,69.259,69.214,0.1820470024776854,68.959,68.96170000000001,69.39455,69.395,10,1.0,0,51,5,train,10,10,2026-05-15 01:26:27.126000+00:00,2026-05-15 01:36:49.895000+00:00
trial_52,trial_id 52,10,69.3195,69.32399999999998,0.14770466027403248,69.059,69.12604999999999,69.534,69.561,10,1.0,0,52,5,train,10,10,2026-05-15 01:37:59.180000+00:00,2026-05-15 01:48:23.135000+00:00
trial_53,trial_id 53,10,69.30250000000001,69.3065,0.1738685646624415,69.033,69.0582,69.5212,69.523,10,1.0,0,53,5,train,10,10,2026-05-15 01:49:32.354000+00:00,2026-05-15 01:59:56.200000+00:00
trial_54,trial_id 54,10,69.2955,69.2413,0.15650065672563732,68.998,69.0277,69.42275000000001,69.434,10,1.0,0,54,5,train,10,10,2026-05-15 02:01:05.311000+00:00,2026-05-15 02:11:28.613000+00:00
trial_55,trial_id 55,10,69.2935,69.28720000000001,0.1418526622160397,69.102,69.12180000000001,69.4596,69.474,10,1.0,0,55,5,train,10,10,2026-05-15 02:12:37.991000+00:00,2026-05-15 02:23:01.485000+00:00
trial_56,trial_id 56,10,69.28200000000001,69.29729999999999,0.10453393919892318,69.124,69.15775,69.43884999999999,69.46,10,1.0,0,56,5,train,10,10,2026-05-15 02:24:10.684000+00:00,2026-05-15 02:34:34.458000+00:00
trial_57,trial_id 57,10,69.369,69.36410000000002,0.10673065788860032,69.207,69.22409999999999,69.51005,69.542,10,1.0,0,57,5,train,10,10,2026-05-15 02:35:43.779000+00:00,2026-05-15 02:46:08.099000+00:00
trial_58,trial_id 58,8,69.2505,69.21275,0.1075277372853825,69.003,69.04115,69.31944999999999,69.338,8,1.0,0,58,5,train,8,8,2026-05-15 02:47:17.102000+00:00,2026-05-15 02:55:21.801000+00:00
trial_59,trial_id 59,10,69.32300000000001,4080.246100000001,12683.113896920962,68.929,68.9407,22129.56759999996,40177.021,9,0.9,1,59,6,test,10,10,2026-05-15 14:04:58.822000+00:00,2026-05-15 14:15:24.262000+00:00
trial_60,trial_id 60,10,69.338,69.38910000000001,0.21301823083169957,69.09,69.10665,69.6691,69.733,10,1.0,0,60,6,test,10,10,2026-05-15 14:16:33.579000+00:00,2026-05-15 14:26:58.153000+00:00
trial_61,trial_id 61,10,69.3555,69.357,0.16070677231114566,69.139,69.1597,69.5998,69.607,10,1.0,0,61,6,test,10,10,2026-05-15 14:28:07.559000+00:00,2026-05-15 14:38:31.723000+00:00
trial_62,trial_id 62,10,69.328,69.32169999999999,0.17854849948029994,69.052,69.10735,69.58195,69.649,10,1.0,0,62,6,test,10,10,2026-05-15 14:39:40.775000+00:00,2026-05-15 14:50:04.940000+00:00
trial_63,trial_id 63,10,69.287,69.32079999999999,0.13431621065397922,69.134,69.1547,69.5334,69.537,10,1.0,0,63,6,test,10,10,2026-05-15 14:51:14.274000+00:00,2026-05-15 15:01:38.148000+00:00
trial_64,trial_id 64,10,69.258,69.2693,0.10064574837849227,69.092,69.1298,69.42215,69.428,10,1.0,0,64,6,test,10,10,2026-05-15 15:02:47.563000+00:00,2026-05-15 15:13:10.841000+00:00
trial_65,trial_id 65,10,69.404,69.41830000000002,0.16189163041985682,69.239,69.25385,69.6969,69.741,10,1.0,0,65,6,test,10,10,2026-05-15 15:14:20.080000+00:00,2026-05-15 15:24:45.024000+00:00
trial_66,trial_id 66,10,69.384,69.40239999999999,0.1458059593356129,69.195,69.2301,69.634,69.643,10,1.0,0,66,6,test,10,10,2026-05-15 15:25:54.435000+00:00,2026-05-15 15:36:19.048000+00:00
trial_67,trial_id 67,10,69.238,69.25059999999999,0.21560880212912456,69.03,69.03045,69.57130000000001,69.79,10,1.0,0,67,6,test,10,10,2026-05-15 15:37:28.174000+00:00,2026-05-15 15:47:51.554000+00:00
trial_68,trial_id 68,10,69.2875,69.32320000000001,0.22393292646583848,69.097,69.09925,69.69189999999999,69.817,10,1.0,0,68,6,test,10,10,2026-05-15 15:49:00.656000+00:00,2026-05-15 15:59:24.786000+00:00
trial_69,trial_id 69,10,69.19149999999999,69.2346,0.13423544820782718,69.079,69.08845,69.45725,69.482,10,1.0,0,69,6,test,10,10,2026-05-15 16:00:33.952000+00:00,2026-05-15 16:10:57.132000+00:00
trial_70,trial_id 70,10,69.2375,69.19959999999999,0.17619572450355747,68.835,68.94255,69.41305,69.445,10,1.0,0,70,6,test,10,10,2026-05-15 16:12:06.577000+00:00,2026-05-15 16:22:29.128000+00:00
trial_71,trial_id 71,10,69.381,69.3707,0.15145886863729507,69.148,69.15339999999999,69.5731,69.601,10,1.0,0,71,6,test,10,10,2026-05-15 16:23:38.729000+00:00,2026-05-15 16:34:02.835000+00:00
trial_72,trial_id 72,10,69.42500000000001,69.4057,0.2636698482741053,68.996,69.0527,69.74895000000001,69.789,10,1.0,0,72,6,test,10,10,2026-05-15 16:35:11.957000+00:00,2026-05-15 16:45:36.892000+00:00
trial_73,trial_id 73,10,69.5215,69.52380000000001,0.20807893801258218,69.273,69.28065,69.83335,69.985,10,1.0,0,73,6,test,10,10,2026-05-15 16:46:46.877000+00:00,2026-05-15 16:57:12.130000+00:00
trial_74,trial_id 74,10,69.3095,69.3708,0.17752733748793736,69.104,69.1589,69.63995,69.644,10,1.0,0,74,6,test,10,10,2026-05-15 16:58:21.774000+00:00,2026-05-15 17:08:45.838000+00:00
trial_75,trial_id 75,10,69.314,69.31190000000001,0.11313556273584148,69.111,69.1461,69.43025,69.437,10,1.0,0,75,6,test,10,10,2026-05-15 17:09:55.143000+00:00,2026-05-15 17:20:18.957000+00:00
trial_76,trial_id 76,10,69.339,69.3207,0.194305057977284,69.029,69.05375,69.603,69.657,10,1.0,0,76,6,test,10,10,2026-05-15 17:21:28.614000+00:00,2026-05-15 17:31:52.164000+00:00
trial_77,trial_id 77,10,69.3555,69.3662,0.15306991866464165,69.147,69.1524,69.58805000000001,69.62,10,1.0,0,77,6,test,10,10,2026-05-15 17:33:01.713000+00:00,2026-05-15 17:43:25.826000+00:00
trial_78,trial_id 78,10,69.353,69.3822,0.11671979742576483,69.225,69.252,69.5732,69.584,10,1.0,0,78,6,test,10,10,2026-05-15 17:44:35.194000+00:00,2026-05-15 17:54:59.648000+00:00
trial_79,trial_id 79,10,69.44749999999999,69.3926,0.21953749363402905,69.098,69.10475,69.6811,69.763,10,1.0,0,79,6,test,10,10,2026-05-15 17:56:08.746000+00:00,2026-05-15 18:06:33.574000+00:00
trial_80,trial_id 80,10,69.427,69.5124,0.3051386570069407,69.274,69.2875,70.00675,70.306,10,1.0,0,80,6,test,10,10,2026-05-15 18:07:42.888000+00:00,2026-05-15 18:18:08.698000+00:00
trial_81,trial_id 81,10,69.375,69.4316,0.21220074353205248,69.219,69.22845,69.75615,69.771,10,1.0,0,81,6,test,10,10,2026-05-15 18:19:18.137000+00:00,2026-05-15 18:29:43.014000+00:00
trial_82,trial_id 82,10,69.463,69.5188,0.21150560801600912,69.253,69.25795,69.8179,69.844,10,1.0,0,82,6,test,10,10,2026-05-15 18:30:52.422000+00:00,2026-05-15 18:41:18.202000+00:00
trial_83,trial_id 83,10,69.481,69.49179999999998,0.1882591594348353,69.269,69.27935000000001,69.7716,69.858,10,1.0,0,83,6,test,10,10,2026-05-15 18:42:28.060000+00:00,2026-05-15 18:52:53.120000+00:00
trial_84,trial_id 84,9,69.377,69.47566666666665,0.17889172703062955,69.314,69.3188,69.772,69.796,9,1.0,0,84,6,test,9,9,2026-05-15 18:54:02.475000+00:00,2026-05-15 19:03:18.401000+00:00
