acid_flow,acetate_flow,water_flow,total_flow,flow_ratio_acetate_acid,log10_flow_ratio_acetate_acid,water_fraction,buffer_flow_fraction,acid_analytical_mol_l,acetate_analytical_mol_l,total_buffer_mol_l,sodium_mol_l,ph_equilibrium_charge_balance,ph_equilibrium_affine,target_ph_requested,target_ph_used,hh_ratio,ph_henderson_hasselbalch,ph_eq_minus_target,ph_affine_minus_target,allocation_model
10.0,1.0,1.0,12.0,0.1,-1.0,0.08333333333333333,0.9166666666666666,0.08333333333333333,0.008333333333333333,0.09166666666666666,0.008333333333333333,3.7696550220175356,3.6381841517703415,3.76,3.76,0.1,3.76,0.009655022017535764,-0.1218158482296583,simple_henderson_hasselbalch
8.991173716432767,1.008826283567233,1.0,11.0,0.1122018454301963,-0.9500000000000002,0.09090909090909091,0.9090909090909091,0.08173794287666153,0.009171148032429391,0.09090909090909093,0.009171148032429391,3.81795097312253,3.6763820500269135,3.8099999999999996,3.8099999999999996,0.1122018454301963,3.8099999999999996,0.007950973122530236,-0.13361794997308607,simple_henderson_hasselbalch
8.88184230221883,1.1181576977811698,1.0,11.0,0.12589254117941676,-0.8999999999999999,0.09090909090909091,0.9090909090909091,0.0807440209292621,0.010165069979828816,0.09090909090909091,0.010165069979828816,3.8665034448682394,3.7147828338072317,3.86,3.86,0.12589254117941676,3.86,0.006503444868239505,-0.14521716619276814,simple_henderson_hasselbalch
8.762293189310647,1.237706810689354,1.0,11.0,0.1412537544622754,-0.8500000000000001,0.09090909090909091,0.9090909090909091,0.07965721081191497,0.011251880097175947,0.09090909090909091,0.011251880097175947,3.915328545430516,3.7533992432778773,3.9099999999999997,3.9099999999999997,0.1412537544622754,3.9099999999999997,0.005328545430516307,-0.15660075672212237,simple_henderson_hasselbalch
8.6319311139679,1.3680688860321006,1.0,11.0,0.15848931924611143,-0.7999999999999998,0.09090909090909091,0.9090909090909091,0.07847210103607181,0.012436989873019099,0.09090909090909091,0.012436989873019099,3.964375193215873,3.7921908773396664,3.96,3.96,0.15848931924611143,3.96,0.004375193215873097,-0.16780912266033354,simple_henderson_hasselbalch
8.490204427886766,1.509795572113233,1.0,11.0,0.1778279410038923,-0.75,0.09090909090909091,0.9090909090909091,0.07718367661715243,0.013725414291938482,0.09090909090909091,0.013725414291938482,4.013601491547444,3.8311245993638834,4.01,4.01,0.1778279410038923,4.01,0.003601491547444269,-0.1788754006361164,simple_henderson_hasselbalch
8.33662469183438,1.6633753081656182,1.0,10.999999999999998,0.1995262314968879,-0.7000000000000002,0.09090909090909093,0.9090909090909091,0.07578749719849438,0.015121593710596532,0.09090909090909091,0.015121593710596532,4.062973248243415,3.870173366307535,4.06,4.06,0.1995262314968879,4.06,0.00297324824341505,-0.18982663369246477,simple_henderson_hasselbalch
8.170788341999744,1.8292116580002569,1.0,11.0,0.22387211385683378,-0.6500000000000004,0.09090909090909091,0.9090909090909091,0.07427989401817948,0.016629196890911427,0.09090909090909091,0.016629196890911427,4.112462664702957,3.9093151918943025,4.109999999999999,4.109999999999999,0.22387211385683378,4.109999999999999,0.002462664702957973,-0.2006848081056969,simple_henderson_hasselbalch
7.992399910868981,2.007600089131019,1.0,11.0,0.25118864315095824,-0.5999999999999996,0.09090909090909091,0.9090909090909091,0.07265818100789984,0.018250909901191083,0.09090909090909091,0.018250909901191083,4.1620472091764515,3.9485322554692477,4.16,4.16,0.25118864315095824,4.16,0.0020472091764514033,-0.21146774453075246,simple_henderson_hasselbalch
7.801296039931585,2.1987039600684164,1.0,11.000000000000002,0.2818382931264455,-0.5499999999999998,0.0909090909090909,0.9090909090909091,0.07092087309028713,0.019988217818803784,0.09090909090909091,0.019988217818803784,4.211708658691947,3.987810144245945,4.21,4.21,0.2818382931264455,4.21,0.0017086586919470292,-0.22218985575405492,simple_henderson_hasselbalch
7.597469266479578,2.4025307335204213,1.0,11.0,0.31622776601683794,-0.5,0.09090909090909091,0.9090909090909091,0.06906790242254163,0.021841188486549288,0.09090909090909091,0.021841188486549288,4.261432298530043,4.0271372201607125,4.26,4.26,0.31622776601683794,4.26,0.001432298530042786,-0.23286277983928727,simple_henderson_hasselbalch
7.3810903254041875,2.618909674595813,1.0,11.0,0.3548133892335753,-0.4500000000000002,0.09090909090909091,0.9090909090909091,0.06710082114003807,0.023808269769052846,0.09090909090909091,0.023808269769052846,4.311206259650212,4.066504095834441,4.31,4.31,0.3548133892335753,4.31,0.0012062596502122602,-0.24349590416555866,simple_henderson_hasselbalch
7.152527510491987,2.8474724895080126,1.0,11.0,0.3981071705534969,-0.40000000000000036,0.09090909090909091,0.9090909090909091,0.06502297736810898,0.025886113540981935,0.09090909090909091,0.025886113540981935,4.361020974825691,4.105903204422579,4.359999999999999,4.359999999999999,0.3981071705534969,4.359999999999999,0.001020974825691745,-0.2540967955774205,simple_henderson_hasselbalch
6.912361524147628,3.0876384758523714,1.0,11.0,0.4466835921509635,-0.34999999999999964,0.09090909090909091,0.9090909090909091,0.0628396502195239,0.028069440689567016,0.09090909090909091,0.028069440689567016,4.4108687331671685,4.1453284472821,4.41,4.41,0.4466835921509635,4.41,0.0008687331671684007,-0.26467155271789977,simple_henderson_hasselbalch
6.66139424583122,3.33860575416878,1.0,11.0,0.5011872336272725,-0.2999999999999998,0.09090909090909091,0.9090909090909091,0.06055812950755655,0.030350961401534367,0.09090909090909091,0.030350961401534367,4.460743321767943,4.1847749105439815,4.46,4.46,0.5011872336272725,4.46,0.000743321767942895,-0.2752250894560184,simple_henderson_hasselbalch
6.400649998028851,3.5993500019711493,1.0,11.0,0.5623413251903491,-0.25,0.09090909090909091,0.9090909090909091,0.05818772725480774,0.03272136365428318,0.09090909090909091,0.03272136365428318,4.510639727380487,4.224238629165303,4.51,4.51,0.5623413251903491,4.51,0.0006397273804870096,-0.2857613708346971,simple_henderson_hasselbalch
6.131368201531431,3.8686317984685687,1.0,11.0,0.630957344480193,-0.20000000000000015,0.09090909090909091,0.9090909090909091,0.055739710923013004,0.0351693799860779,0.09090909090909091,0.0351693799860779,4.56055391093391,4.263716408592166,4.56,4.56,0.630957344480193,4.56,0.0005539109339105508,-0.29628359140783367,simple_henderson_hasselbalch
5.854986786718097,4.145013213281903,1.0,11.0,0.7079457843841372,-0.1500000000000004,0.09090909090909091,0.9090909090909091,0.053227152606528154,0.03768193830256275,0.09090909090909091,0.03768193830256275,4.6104826075344105,4.303205666577437,4.609999999999999,4.609999999999999,0.7079457843841372,4.609999999999999,0.0004826075344110947,-0.30679433342256246,simple_henderson_hasselbalch
5.573116337622925,4.426883662377074,1.0,11.0,0.7943282347242822,-0.09999999999999964,0.09090909090909091,0.9090909090909091,0.050664693978390234,0.04024439693070068,0.09090909090909091,0.04024439693070068,4.66042317917517,4.342704316687084,4.66,4.66,0.7943282347242822,4.66,0.00042317917516943027,-0.31729568331291613,simple_henderson_hasselbalch
5.287505638922685,4.712494361077314,1.0,11.0,0.8912509381337459,-0.04999999999999982,0.09090909090909091,0.9090909090909091,0.04806823308111532,0.04284085782797559,0.09090909090909091,0.04284085782797559,4.710373488992121,4.382210668847418,4.71,4.71,0.8912509381337459,4.71,0.0003734889921211959,-0.3277893311525819,simple_henderson_hasselbalch
5.0,5.0,1.0,11.0,1.0,0.0,0.09090909090909091,0.9090909090909091,0.045454545454545456,0.045454545454545456,0.09090909090909091,0.045454545454545456,4.760331811019136,4.421723357969294,4.76,4.76,1.0,4.76,0.00033181101913637434,-0.3382766420307055,simple_henderson_hasselbalch
4.712494361077315,5.287505638922686,1.0,11.0,1.122018454301963,0.049999999999999795,0.09090909090909091,0.9090909090909091,0.042840857827975594,0.048068233081115325,0.09090909090909091,0.048068233081115325,4.810296733182766,4.461241267225387,4.81,4.81,1.122018454301963,4.81,0.0002967331827665731,-0.34875873277461267,simple_henderson_hasselbalch
4.426883662377074,5.573116337622925,1.0,11.0,1.2589254117941662,0.09999999999999964,0.09090909090909091,0.9090909090909091,0.04024439693070068,0.050664693978390234,0.09090909090909091,0.050664693978390234,4.8602671254022445,4.500763502820066,4.859999999999999,4.859999999999999,1.2589254117941662,4.859999999999999,0.00026712540224504977,-0.3592364971799338,simple_henderson_hasselbalch
4.145013213281903,5.854986786718097,1.0,11.0,1.4125375446227555,0.15000000000000036,0.09090909090909091,0.9090909090909091,0.03768193830256275,0.053227152606528154,0.09090909090909091,0.053227152606528154,4.910242028631937,4.540289306231616,4.91,4.91,1.4125375446227555,4.91,0.00024202863193689694,-0.3697106937683845,simple_henderson_hasselbalch
3.868631798468569,6.131368201531432,1.0,11.0,1.584893192461114,0.20000000000000015,0.09090909090909091,0.9090909090909091,0.0351693799860779,0.05573971092301302,0.09090909090909091,0.05573971092301302,4.960220714104005,4.579818101068039,4.96,4.96,1.584893192461114,4.96,0.00022071410400492653,-0.3801818989319612,simple_henderson_hasselbalch
3.5993500019711493,6.400649998028851,1.0,11.0,1.7782794100389228,0.25,0.09090909090909091,0.9090909090909091,0.03272136365428318,0.05818772725480774,0.09090909090909091,0.05818772725480774,5.0102025380925586,4.619349378198126,5.01,5.01,1.7782794100389228,5.01,0.0002025380925587683,-0.39065062180187393,simple_henderson_hasselbalch
3.33860575416878,6.66139424583122,1.0,11.0,1.9952623149688788,0.2999999999999998,0.09090909090909091,0.9090909090909091,0.030350961401534367,0.06055812950755655,0.09090909090909091,0.06055812950755655,5.060186996660282,4.658882739051274,5.06,5.06,1.9952623149688788,5.06,0.0001869966602825457,-0.4011172609487259,simple_henderson_hasselbalch
3.087638475852372,6.912361524147628,1.0,11.0,2.2387211385683377,0.34999999999999964,0.09090909090909091,0.9090909090909091,0.02806944068956702,0.0628396502195239,0.09090909090909091,0.0628396502195239,5.110173677443109,4.69841785748336,5.109999999999999,5.109999999999999,2.2387211385683377,5.109999999999999,0.00017367744310980981,-0.4115821425166395,simple_henderson_hasselbalch
2.847472489508012,7.152527510491987,1.0,11.0,2.5118864315095824,0.4000000000000004,0.09090909090909091,0.9090909090909091,0.025886113540981928,0.06502297736810898,0.09090909090909091,0.06502297736810898,5.160162195815422,4.737954429288961,5.16,5.16,2.5118864315095824,5.16,0.00016219581542209482,-0.4220455707110391,simple_henderson_hasselbalch
2.618909674595813,7.3810903254041875,1.0,11.0,2.818382931264455,0.4500000000000002,0.09090909090909091,0.9090909090909091,0.023808269769052846,0.06710082114003807,0.09090909090909091,0.06710082114003807,5.210152301821851,4.777492256775111,5.21,5.21,2.818382931264455,5.21,0.0001523018218509975,-0.43250774322488894,simple_henderson_hasselbalch
2.402530733520421,7.597469266479577,1.0,10.999999999999998,3.1622776601683795,0.5,0.09090909090909093,0.9090909090909091,0.021841188486549284,0.06906790242254163,0.09090909090909091,0.06906790242254163,5.260143708372835,4.817031112878929,5.26,5.26,3.1622776601683795,5.26,0.00014370837283550486,-0.4429688871210704,simple_henderson_hasselbalch
2.198703960068416,7.801296039931583,1.0,11.0,3.5481338923357533,0.5499999999999998,0.09090909090909091,0.9090909090909091,0.01998821781880378,0.07092087309028712,0.0909090909090909,0.07092087309028712,5.310136321456564,4.856570923245248,5.31,5.31,3.5481338923357533,5.31,0.00013632145656394812,-0.45342907675475175,simple_henderson_hasselbalch
2.0076000891310186,7.99239991086898,1.0,10.999999999999998,3.981071705534969,0.5999999999999996,0.09090909090909093,0.9090909090909091,0.018250909901191083,0.07265818100789984,0.09090909090909091,0.07265818100789984,5.360129868391829,4.896111472206938,5.359999999999999,5.359999999999999,3.981071705534969,5.359999999999999,0.0001298683918298238,-0.46388852779306156,simple_henderson_hasselbalch
1.8292116580002566,8.170788341999742,1.0,10.999999999999998,4.4668359215096345,0.6500000000000004,0.09090909090909093,0.9090909090909091,0.016629196890911427,0.0742798940181795,0.09090909090909093,0.0742798940181795,5.4101242445089355,4.935652676979371,5.41,5.41,4.4668359215096345,5.41,0.0001242445089353339,-0.47434732302062876,simple_henderson_hasselbalch
1.6633753081656184,8.33662469183438,1.0,10.999999999999998,5.011872336272724,0.7000000000000001,0.09090909090909093,0.9090909090909091,0.015121593710596536,0.07578749719849438,0.09090909090909091,0.07578749719849438,5.4601193324156325,4.975194444715485,5.46,5.46,5.011872336272724,5.46,0.00011933241563255592,-0.48480555528451497,simple_henderson_hasselbalch
1.509795572113233,8.490204427886768,1.0,11.000000000000002,5.623413251903491,0.75,0.0909090909090909,0.9090909090909091,0.01372541429193848,0.07718367661715243,0.09090909090909091,0.07718367661715243,5.510115035913483,5.014736699330679,5.51,5.51,5.623413251903491,5.51,0.00011503591348294151,-0.495263300669321,simple_henderson_hasselbalch
1.3680688860321006,8.6319311139679,1.0,11.0,6.30957344480193,0.7999999999999998,0.09090909090909091,0.9090909090909091,0.012436989873019099,0.07847210103607181,0.09090909090909091,0.07847210103607181,5.560111258271123,5.054279364318854,5.56,5.56,6.30957344480193,5.56,0.00011125827112312692,-0.5057206356811452,simple_henderson_hasselbalch
1.2377068106893552,8.762293189310645,1.0,11.0,7.079457843841373,0.8499999999999996,0.09090909090909091,0.9090909090909091,0.011251880097175955,0.07965721081191496,0.09090909090909091,0.07965721081191496,5.6101079325565495,5.093822386742616,5.609999999999999,5.609999999999999,7.079457843841373,5.609999999999999,0.00010793255655006107,-0.5161776132573834,simple_henderson_hasselbalch
1.1181576977811687,8.88184230221883,1.0,10.999999999999998,7.943282347242821,0.9000000000000004,0.09090909090909093,0.9090909090909091,0.010165069979828809,0.08074402092926211,0.09090909090909093,0.08074402092926211,5.6601049599261,5.133365688425221,5.66,5.66,7.943282347242821,5.66,0.00010495992609982352,-0.5266343115747789,simple_henderson_hasselbalch
1.0088262835672328,8.991173716432767,1.0,11.0,8.91250938133746,0.9500000000000002,0.09090909090909091,0.9090909090909091,0.00917114803242939,0.08173794287666153,0.09090909090909091,0.08173794287666153,5.710102409047749,5.172909323677067,5.71,5.71,8.91250938133746,5.71,0.00010240904774860837,-0.5370906763229328,simple_henderson_hasselbalch
1.0,10.0,1.0,12.0,10.0,1.0,0.08333333333333333,0.9166666666666666,0.008333333333333333,0.08333333333333333,0.09166666666666666,0.08333333333333333,5.760099279243066,5.21245250104852,5.76,5.76,10.0,5.76,9.927924306651903e-05,-0.5475474989514799,simple_henderson_hasselbalch
10.0,1.0,5.0,16.0,0.1,-1.0,0.3125,0.6875,0.0625,0.00625,0.06875,0.00625,3.7727449469782384,3.640628013762267,3.76,3.76,0.1,3.76,0.01274494697823858,-0.11937198623773293,simple_henderson_hasselbalch
8.991173716432767,1.008826283567233,5.0,15.0,0.1122018454301963,-0.9500000000000002,0.3333333333333333,0.6666666666666666,0.059941158109551786,0.006725508557114887,0.06666666666666668,0.006725508557114887,3.8207450891105816,3.678591952840436,3.8099999999999996,3.8099999999999996,0.1122018454301963,3.8099999999999996,0.010745089110582029,-0.13140804715956378,simple_henderson_hasselbalch
8.88184230221883,1.1181576977811698,5.0,15.0,0.12589254117941676,-0.8999999999999999,0.3333333333333333,0.6666666666666666,0.05921228201479221,0.0074543846518744655,0.06666666666666668,0.0074543846518744655,3.8688033903999828,3.716601890755219,3.86,3.86,0.12589254117941676,3.86,0.008803390399982902,-0.1433981092447807,simple_henderson_hasselbalch
8.762293189310647,1.237706810689354,5.0,15.0,0.1412537544622754,-0.8500000000000001,0.3333333333333333,0.6666666666666666,0.058415287928737646,0.008251378737929027,0.06666666666666668,0.008251378737929027,3.9172227256956247,3.7548973751790164,3.9099999999999997,3.9099999999999997,0.1412537544622754,3.9099999999999997,0.0072227256956249875,-0.15510262482098325,simple_henderson_hasselbalch
8.6319311139679,1.3680688860321006,5.0,15.0,0.15848931924611143,-0.7999999999999998,0.3333333333333333,0.6666666666666666,0.05754620742645267,0.009120459240214006,0.06666666666666668,0.009120459240214006,3.965937004945948,3.793426134627211,3.96,3.96,0.15848931924611143,3.96,0.005937004945947955,-0.16657386537278907,simple_henderson_hasselbalch
8.490204427886766,1.509795572113233,5.0,15.0,0.1778279410038923,-0.75,0.3333333333333333,0.6666666666666666,0.05660136285257845,0.01006530381408822,0.06666666666666667,0.01006530381408822,4.014891491695109,3.832144877322264,4.01,4.01,0.1778279410038923,4.01,0.0048914916951092735,-0.17785512267773562,simple_henderson_hasselbalch
8.33662469183438,1.6633753081656182,5.0,14.999999999999998,0.1995262314968879,-0.7000000000000002,0.33333333333333337,0.6666666666666666,0.05557749794556255,0.011089168721104123,0.06666666666666667,0.011089168721104123,4.064041159477316,3.8710179912445395,4.06,4.06,0.1995262314968879,4.06,0.004041159477316647,-0.18898200875546012,simple_henderson_hasselbalch
8.170788341999744,1.8292116580002569,5.0,15.0,0.22387211385683378,-0.6500000000000004,0.3333333333333333,0.6666666666666666,0.054471922279998294,0.01219474438666838,0.06666666666666668,0.01219474438666838,4.11334916588988,3.910016337256753,4.109999999999999,4.109999999999999,0.22387211385683378,4.109999999999999,0.0033491658898805454,-0.19998366274324653,simple_henderson_hasselbalch
7.992399910868981,2.007600089131019,5.0,15.0,0.25118864315095824,-0.5999999999999996,0.3333333333333333,0.6666666666666666,0.05328266607245988,0.013384000594206795,0.06666666666666668,0.013384000594206795,4.162785491820431,3.9491161728510176,4.16,4.16,0.25118864315095824,4.16,0.002785491820430863,-0.21088382714898257,simple_henderson_hasselbalch
7.801296039931585,2.1987039600684164,5.0,15.000000000000002,0.2818382931264455,-0.5499999999999998,0.3333333333333333,0.6666666666666667,0.05200864026621056,0.014658026400456109,0.06666666666666667,0.014658026400456109,4.2123257561578775,3.9882982146882635,4.21,4.21,0.2818382931264455,4.21,0.0023257561578775565,-0.22170178531173645,simple_henderson_hasselbalch
7.597469266479578,2.4025307335204213,5.0,15.0,0.31622776601683794,-0.5,0.3333333333333333,0.6666666666666666,0.05064979510986386,0.01601687155680281,0.06666666666666667,0.01601687155680281,4.261950203305044,4.027546837808765,4.26,4.26,0.31622776601683794,4.26,0.0019502033050438072,-0.23245316219123513,simple_henderson_hasselbalch
7.3810903254041875,2.618909674595813,5.0,15.0,0.3548133892335753,-0.4500000000000002,0.3333333333333333,0.6666666666666666,0.04920726883602792,0.017459397830638754,0.06666666666666668,0.017459397830638754,4.311642854110009,4.066849404092652,4.31,4.31,0.3548133892335753,4.31,0.0016428541100097505,-0.24315059590734744,simple_henderson_hasselbalch
7.152527510491987,2.8474724895080126,5.0,15.0,0.3981071705534969,-0.40000000000000036,0.3333333333333333,0.6666666666666666,0.04768351673661326,0.018983149930053417,0.06666666666666668,0.018983149930053417,4.361390798772406,4.106195703010271,4.359999999999999,4.359999999999999,0.3981071705534969,4.359999999999999,0.001390798772406221,-0.2538042969897285,simple_henderson_hasselbalch
6.912361524147628,3.0876384758523714,5.0,15.0,0.4466835921509635,-0.34999999999999964,0.3333333333333333,0.6666666666666666,0.046082410160984195,0.020584256505682477,0.06666666666666668,0.020584256505682477,4.411183611485391,4.145577488654875,4.41,4.41,0.4466835921509635,4.41,0.0011836114853904789,-0.26442251134512507,simple_henderson_hasselbalch
6.66139424583122,3.33860575416878,5.0,15.0,0.5011872336272725,-0.2999999999999998,0.3333333333333333,0.6666666666666666,0.044409294972208135,0.022257371694458534,0.06666666666666667,0.022257371694458534,4.461012886088462,4.184988112484376,4.46,4.46,0.5011872336272725,4.46,0.0010128860884623947,-0.2750118875156238,simple_henderson_hasselbalch
6.400649998028851,3.5993500019711493,5.0,15.0,0.5623413251903491,-0.25,0.3333333333333333,0.6666666666666666,0.042670999986859005,0.023995666679807664,0.06666666666666667,0.023995666679807664,4.510871823417246,4.224422196950905,4.51,4.51,0.5623413251903491,4.51,0.0008718234172464534,-0.28557780304909475,simple_henderson_hasselbalch
6.131368201531431,3.8686317984685687,5.0,15.0,0.630957344480193,-0.20000000000000015,0.3333333333333333,0.6666666666666666,0.04087578801020954,0.025790878656457128,0.06666666666666667,0.025790878656457128,4.560754944065956,4.263875408320889,4.56,4.56,0.630957344480193,4.56,0.0007549440659566642,-0.29612459167911087,simple_henderson_hasselbalch
5.854986786718097,4.145013213281903,5.0,15.0,0.7079457843841372,-0.1500000000000004,0.3333333333333333,0.6666666666666666,0.03903324524478732,0.027633421421879353,0.06666666666666667,0.027633421421879353,4.6106578131065525,4.303344238951841,4.609999999999999,4.609999999999999,0.7079457843841372,4.609999999999999,0.0006578131065531068,-0.30665576104815884,simple_henderson_hasselbalch
5.573116337622925,4.426883662377074,5.0,15.0,0.7943282347242822,-0.09999999999999964,0.3333333333333333,0.6666666666666666,0.03715410891748617,0.029512557749180497,0.06666666666666667,0.029512557749180497,4.660576846697039,4.342825854336336,4.66,4.66,0.7943282347242822,4.66,0.0005768466970392794,-0.31717414566366386,simple_henderson_hasselbalch
5.287505638922685,4.712494361077314,5.0,15.0,0.8912509381337459,-0.04999999999999982,0.3333333333333333,0.6666666666666666,0.0352500375928179,0.03141662907384876,0.06666666666666665,0.03141662907384876,4.710509141623618,4.3823179582846805,4.71,4.71,0.8912509381337459,4.71,0.0005091416236178148,-0.32768204171531945,simple_henderson_hasselbalch
5.0,5.0,5.0,15.0,1.0,0.0,0.3333333333333333,0.6666666666666666,0.03333333333333333,0.03333333333333333,0.06666666666666667,0.03333333333333333,4.760452344018065,4.421818689091765,4.76,4.76,1.0,4.76,0.00045234401806482083,-0.3381813109082348,simple_henderson_hasselbalch
4.712494361077315,5.287505638922686,5.0,15.0,1.122018454301963,0.049999999999999795,0.3333333333333333,0.6666666666666666,0.03141662907384877,0.035250037592817904,0.06666666666666668,0.035250037592817904,4.810404538612412,4.461326531947147,4.81,4.81,1.122018454301963,4.81,0.00040453861241207534,-0.34867346805285226,simple_henderson_hasselbalch
4.426883662377074,5.573116337622925,5.0,15.0,1.2589254117941662,0.09999999999999964,0.3333333333333333,0.6666666666666666,0.029512557749180497,0.03715410891748617,0.06666666666666667,0.03715410891748617,4.860364184166858,4.500840267864149,4.859999999999999,4.859999999999999,1.2589254117941662,4.859999999999999,0.0003641841668589052,-0.3591597321358506,simple_henderson_hasselbalch
4.145013213281903,5.854986786718097,5.0,15.0,1.4125375446227555,0.15000000000000036,0.3333333333333333,0.6666666666666666,0.027633421421879353,0.03903324524478732,0.06666666666666667,0.03903324524478732,4.910329980175551,4.540358868255711,4.91,4.91,1.4125375446227555,4.91,0.0003299801755511922,-0.3696411317442889,simple_henderson_hasselbalch
3.868631798468569,6.131368201531432,5.0,15.0,1.584893192461114,0.20000000000000015,0.3333333333333333,0.6666666666666666,0.025790878656457128,0.040875788010209545,0.06666666666666668,0.040875788010209545,4.960300924558057,4.579881540563336,4.96,4.96,1.584893192461114,4.96,0.0003009245580569697,-0.3801184594366642,simple_henderson_hasselbalch
3.5993500019711493,6.400649998028851,5.0,15.0,1.7782794100389228,0.25,0.3333333333333333,0.6666666666666666,0.023995666679807664,0.042670999986859005,0.06666666666666667,0.042670999986859005,5.010276170569791,4.619407615085678,5.01,5.01,1.7782794100389228,5.01,0.0002761705697915673,-0.3905923849143216,simple_henderson_hasselbalch
3.33860575416878,6.66139424583122,5.0,15.0,1.9952623149688788,0.2999999999999998,0.3333333333333333,0.6666666666666666,0.022257371694458534,0.044409294972208135,0.06666666666666667,0.044409294972208135,5.060254962254979,4.6589364939274445,5.06,5.06,1.9952623149688788,5.06,0.00025496225497967373,-0.40106350607255514,simple_henderson_hasselbalch
3.087638475852372,6.912361524147628,5.0,15.0,2.2387211385683377,0.34999999999999964,0.3333333333333333,0.6666666666666666,0.02058425650568248,0.046082410160984195,0.06666666666666668,0.046082410160984195,5.110236807827431,4.698467788128519,5.109999999999999,5.109999999999999,2.2387211385683377,5.109999999999999,0.00023680782743173978,-0.4115322118714806,simple_henderson_hasselbalch
2.847472489508012,7.152527510491987,5.0,15.0,2.5118864315095824,0.4000000000000004,0.3333333333333333,0.6666666666666666,0.018983149930053414,0.04768351673661326,0.06666666666666668,0.04768351673661326,5.1602211525105295,4.73800105890883,5.16,5.16,2.5118864315095824,5.16,0.00022115251052934326,-0.42199894109116975,simple_henderson_hasselbalch
2.618909674595813,7.3810903254041875,5.0,15.0,2.818382931264455,0.4500000000000002,0.3333333333333333,0.6666666666666666,0.017459397830638754,0.04920726883602792,0.06666666666666668,0.04920726883602792,5.210207664213508,4.777536043613456,5.21,5.21,2.818382931264455,5.21,0.00020766421350781883,-0.43246395638654356,simple_henderson_hasselbalch
2.402530733520421,7.597469266479577,5.0,14.999999999999998,3.1622776601683795,0.5,0.33333333333333337,0.6666666666666666,0.016016871556802807,0.05064979510986385,0.06666666666666665,0.05064979510986385,5.260196027050177,4.817072492403885,5.26,5.26,3.1622776601683795,5.26,0.00019602705017707223,-0.44292750759611454,simple_henderson_hasselbalch
2.198703960068416,7.801296039931583,5.0,15.0,3.5481338923357533,0.5499999999999998,0.3333333333333333,0.6666666666666666,0.014658026400456107,0.052008640266210555,0.06666666666666667,0.052008640266210555,5.310185877581012,4.856610117831053,5.31,5.31,3.5481338923357533,5.31,0.0001858775810124058,-0.4533898821689464,simple_henderson_hasselbalch
2.0076000891310186,7.99239991086898,5.0,14.999999999999998,3.981071705534969,0.5999999999999996,0.33333333333333337,0.6666666666666666,0.013384000594206793,0.05328266607245988,0.06666666666666667,0.05328266607245988,5.360177079752313,4.896148812288312,5.359999999999999,5.359999999999999,3.981071705534969,5.359999999999999,0.00017707975231395778,-0.4638511877116871,simple_henderson_hasselbalch
1.8292116580002566,8.170788341999742,5.0,14.999999999999998,4.4668359215096345,0.6500000000000004,0.33333333333333337,0.6666666666666666,0.01219474438666838,0.054471922279998294,0.06666666666666668,0.054471922279998294,5.410169412305186,4.935688400779115,5.41,5.41,4.4668359215096345,5.41,0.00016941230518607853,-0.4743115992208855,simple_henderson_hasselbalch
1.6633753081656184,8.33662469183438,5.0,14.999999999999998,5.011872336272724,0.7000000000000001,0.33333333333333337,0.6666666666666666,0.011089168721104124,0.05557749794556255,0.06666666666666668,0.05557749794556255,5.460162715466108,4.9752287569364935,5.46,5.46,5.011872336272724,5.46,0.00016271546610813203,-0.4847712430635065,simple_henderson_hasselbalch
1.509795572113233,8.490204427886768,5.0,15.000000000000002,5.623413251903491,0.75,0.3333333333333333,0.6666666666666667,0.01006530381408822,0.05660136285257845,0.06666666666666667,0.05660136285257845,5.510156858796374,5.014769777594776,5.51,5.51,5.623413251903491,5.51,0.00015685879637405975,-0.4952302224052234,simple_henderson_hasselbalch
1.3680688860321006,8.6319311139679,5.0,15.0,6.30957344480193,0.7999999999999998,0.3333333333333333,0.6666666666666666,0.009120459240214006,0.05754620742645267,0.06666666666666668,0.05754620742645267,5.560151704073285,5.0543113534318245,5.56,5.56,6.30957344480193,5.56,0.00015170407328568558,-0.5056886465681751,simple_henderson_hasselbalch
1.2377068106893552,8.762293189310645,5.0,15.0,7.079457843841373,0.8499999999999996,0.3333333333333333,0.6666666666666666,0.008251378737929034,0.05841528792873764,0.06666666666666668,0.05841528792873764,5.610147172400102,5.093853422047178,5.609999999999999,5.609999999999999,7.079457843841373,5.609999999999999,0.00014717240010231336,-0.5161465779528216,simple_henderson_hasselbalch
1.1181576977811687,8.88184230221883,5.0,14.999999999999998,7.943282347242821,0.9000000000000004,0.33333333333333337,0.6666666666666666,0.007454384651874459,0.059212282014792214,0.06666666666666668,0.059212282014792214,5.660143083378025,5.13339584076107,5.66,5.66,7.943282347242821,5.66,0.00014308337802493298,-0.5266041592389303,simple_henderson_hasselbalch
1.0088262835672328,8.991173716432767,5.0,15.0,8.91250938133746,0.9500000000000002,0.3333333333333333,0.6666666666666666,0.006725508557114886,0.059941158109551786,0.06666666666666667,0.059941158109551786,5.7101396414447505,5.172938771265944,5.71,5.71,8.91250938133746,5.71,0.00013964144475053786,-0.5370612287340562,simple_henderson_hasselbalch
1.0,10.0,5.0,16.0,10.0,1.0,0.3125,0.6875,0.00625,0.0625,0.06875,0.0625,5.760132366299145,5.212478670033141,5.76,5.76,10.0,5.76,0.00013236629914548104,-0.5475213299668589,simple_henderson_hasselbalch
10.0,1.0,10.0,21.0,0.1,-1.0,0.47619047619047616,0.5238095238095238,0.047619047619047616,0.004761904761904762,0.052380952380952375,0.004761904761904762,3.7765238984056784,3.643616835782317,3.76,3.76,0.1,3.76,0.016523898405678583,-0.11638316421768291,simple_henderson_hasselbalch
8.991173716432767,1.008826283567233,10.0,20.0,0.1122018454301963,-0.9500000000000002,0.5,0.5,0.04495586858216384,0.005044131417836165,0.05,0.005044131417836165,3.824169621604105,3.6813004602985364,3.8099999999999996,3.8099999999999996,0.1122018454301963,3.8099999999999996,0.014169621604105398,-0.1286995397014632,simple_henderson_hasselbalch
8.88184230221883,1.1181576977811698,10.0,20.0,0.12589254117941676,-0.8999999999999999,0.5,0.5,0.04440921151109416,0.005590788488905849,0.05,0.005590788488905849,3.8716322271220656,3.718839254650583,3.86,3.86,0.12589254117941676,3.86,0.011632227122065686,-0.14116074534941703,simple_henderson_hasselbalch
8.762293189310647,1.237706810689354,10.0,20.0,0.1412537544622754,-0.8500000000000001,0.5,0.5,0.04381146594655323,0.00618853405344677,0.05,0.00618853405344677,3.9195592844393867,3.756745389994393,3.9099999999999997,3.9099999999999997,0.1412537544622754,3.9099999999999997,0.009559284439387028,-0.15325461000560692,simple_henderson_hasselbalch
8.6319311139679,1.3680688860321006,10.0,20.0,0.15848931924611143,-0.7999999999999998,0.5,0.5,0.0431596555698395,0.006840344430160504,0.05,0.006840344430160504,3.9678681857759965,3.7949535307582214,3.96,3.96,0.15848931924611143,3.96,0.007868185775996572,-0.16504646924177857,simple_henderson_hasselbalch
8.490204427886766,1.509795572113233,10.0,20.0,0.1778279410038923,-0.75,0.5,0.5,0.04245102213943384,0.007548977860566165,0.05,0.007548977860566165,4.016489705529836,3.8334089255096258,4.01,4.01,0.1778279410038923,4.01,0.00648970552983652,-0.17659107449037403,simple_henderson_hasselbalch
8.33662469183438,1.6633753081656182,10.0,20.0,0.1995262314968879,-0.7000000000000002,0.5,0.4999999999999999,0.041683123459171904,0.008316876540828091,0.049999999999999996,0.008316876540828091,4.065366339942484,3.87206609377533,4.06,4.06,0.1995262314968879,4.06,0.005366339942484366,-0.18793390622466966,simple_henderson_hasselbalch
8.170788341999744,1.8292116580002569,10.0,20.0,0.22387211385683378,-0.6500000000000004,0.5,0.5,0.04085394170999872,0.009146058290001285,0.05,0.009146058290001285,4.1144506689462,3.910887530404666,4.109999999999999,4.109999999999999,0.22387211385683378,4.109999999999999,0.004450668946200942,-0.19911246959533324,simple_henderson_hasselbalch
7.992399910868981,2.007600089131019,10.0,20.0,0.25118864315095824,-0.5999999999999996,0.5,0.5,0.03996199955434491,0.010038000445655096,0.05,0.010038000445655096,4.163703804209082,3.949842478108226,4.16,4.16,0.25118864315095824,4.16,0.0037038042090822287,-0.21015752189177395,simple_henderson_hasselbalch
7.801296039931585,2.1987039600684164,10.0,20.0,0.2818382931264455,-0.5499999999999998,0.5,0.5000000000000001,0.039006480199657925,0.010993519800342083,0.05000000000000001,0.010993519800342083,4.213093997001077,3.9889058264009156,4.21,4.21,0.2818382931264455,4.21,0.0030939970010770423,-0.22109417359908434,simple_henderson_hasselbalch
7.597469266479578,2.4025307335204213,10.0,20.0,0.31622776601683794,-0.5,0.5,0.5,0.03798734633239789,0.012012653667602107,0.05,0.012012653667602107,4.262595411099491,4.028057141076901,4.26,4.26,0.31622776601683794,4.26,0.0025954110994907964,-0.23194285892309896,simple_henderson_hasselbalch
7.3810903254041875,2.618909674595813,10.0,20.0,0.3548133892335753,-0.4500000000000002,0.5,0.5,0.03690545162702094,0.013094548372979065,0.05,0.013094548372979065,4.3121870776154285,4.067279837568197,4.31,4.31,0.3548133892335753,4.31,0.0021870776154289118,-0.2427201624318025,simple_henderson_hasselbalch
7.152527510491987,2.8474724895080126,10.0,20.0,0.3981071705534969,-0.40000000000000036,0.5,0.5,0.03576263755245994,0.014237362447540064,0.05,0.014237362447540064,4.361852007549919,4.106560479053716,4.359999999999999,4.359999999999999,0.3981071705534969,4.359999999999999,0.0018520075499193211,-0.25343952094628364,simple_henderson_hasselbalch
6.912361524147628,3.0876384758523714,10.0,20.0,0.4466835921509635,-0.34999999999999964,0.5,0.5,0.03456180762073814,0.015438192379261858,0.05,0.015438192379261858,4.4115764528042645,4.145888191982711,4.41,4.41,0.4466835921509635,4.41,0.0015764528042643278,-0.2641118080172893,simple_henderson_hasselbalch
6.66139424583122,3.33860575416878,10.0,20.0,0.5011872336272725,-0.2999999999999998,0.5,0.5,0.0333069712291561,0.0166930287708439,0.05,0.0166930287708439,4.461349295949901,4.185254183435786,4.46,4.46,0.5011872336272725,4.46,0.0013492959499012969,-0.2747458165642138,simple_henderson_hasselbalch
6.400649998028851,3.5993500019711493,10.0,20.0,0.5623413251903491,-0.25,0.5,0.5,0.032003249990144256,0.017996750009855747,0.05,0.017996750009855747,4.511161545198542,4.224651341690193,4.51,4.51,0.5623413251903491,4.51,0.0011615451985420577,-0.2853486583098066,simple_henderson_hasselbalch
6.131368201531431,3.8686317984685687,10.0,20.0,0.630957344480193,-0.20000000000000015,0.5,0.5,0.030656841007657153,0.019343158992342846,0.05,0.019343158992342846,4.561005944883041,4.264073928144061,4.56,4.56,0.630957344480193,4.56,0.0010059448830412876,-0.29592607185593867,simple_henderson_hasselbalch
5.854986786718097,4.145013213281903,10.0,20.0,0.7079457843841372,-0.1500000000000004,0.5,0.5,0.029274933933590486,0.020725066066409514,0.05,0.020725066066409514,4.610876604745515,4.30351728411553,4.609999999999999,4.609999999999999,0.7079457843841372,4.609999999999999,0.0008766047455157633,-0.30648271588446985,simple_henderson_hasselbalch
5.573116337622925,4.426883662377074,10.0,20.0,0.7943282347242822,-0.09999999999999964,0.5,0.5,0.027865581688114628,0.022134418311885375,0.05,0.022134418311885375,4.6607687600044345,4.342977641076679,4.66,4.66,0.7943282347242822,4.66,0.0007687600044343768,-0.317022358923321,simple_henderson_hasselbalch
5.287505638922685,4.712494361077314,10.0,20.0,0.8912509381337459,-0.04999999999999982,0.5,0.5,0.026437528194613424,0.02356247180538657,0.049999999999999996,0.02356247180538657,4.710678583277162,4.382451971900614,4.71,4.71,0.8912509381337459,4.71,0.0006785832771623035,-0.3275480280993861,simple_henderson_hasselbalch
5.0,5.0,10.0,20.0,1.0,0.0,0.5,0.5,0.025,0.025,0.05,0.025,4.760602916541205,4.421937778866115,4.76,4.76,1.0,4.76,0.0006029165412053672,-0.3380622211338844,simple_henderson_hasselbalch
4.712494361077315,5.287505638922686,10.0,20.0,1.122018454301963,0.049999999999999795,0.5,0.5,0.023562471805386575,0.02643752819461343,0.05,0.02643752819461343,4.810539222624026,4.4614330552903,4.81,4.81,1.122018454301963,4.81,0.000539222624026614,-0.34856694470969973,simple_henderson_hasselbalch
4.426883662377074,5.573116337622925,10.0,20.0,1.2589254117941662,0.09999999999999964,0.5,0.5,0.022134418311885375,0.027865581688114628,0.05,0.027865581688114628,4.860485449702182,4.500936178359218,4.859999999999999,4.859999999999999,1.2589254117941662,4.859999999999999,0.00048544970218245,-0.3590638216407811,simple_henderson_hasselbalch
4.145013213281903,5.854986786718097,10.0,20.0,1.4125375446227555,0.15000000000000036,0.5,0.5,0.020725066066409514,0.029274933933590486,0.05,0.029274933933590486,4.910439873515017,4.540445784332606,4.91,4.91,1.4125375446227555,4.91,0.000439873515016842,-0.3695542156673941,simple_henderson_hasselbalch
3.868631798468569,6.131368201531432,10.0,20.0,1.584893192461114,0.20000000000000015,0.5,0.5,0.019343158992342846,0.03065684100765716,0.05,0.03065684100765716,4.960401150673437,4.579960810706492,4.96,4.96,1.584893192461114,4.96,0.0004011506734373782,-0.380039189293508,simple_henderson_hasselbalch
3.5993500019711493,6.400649998028851,10.0,20.0,1.7782794100389228,0.25,0.5,0.5,0.017996750009855747,0.032003249990144256,0.05,0.032003249990144256,5.010368132402327,4.619480348899637,5.01,5.01,1.7782794100389228,5.01,0.0003681324023272481,-0.39051965110036235,simple_henderson_hasselbalch
3.33860575416878,6.66139424583122,10.0,20.0,1.9952623149688788,0.2999999999999998,0.5,0.5,0.0166930287708439,0.0333069712291561,0.05,0.0333069712291561,5.060339894299227,4.65900366779007,5.06,5.06,1.9952623149688788,5.06,0.0003398942992269838,-0.4009963322099299,simple_henderson_hasselbalch
3.087638475852372,6.912361524147628,10.0,20.0,2.2387211385683377,0.34999999999999964,0.5,0.5,0.015438192379261861,0.03456180762073814,0.05,0.03456180762073814,5.110315698081159,4.698530183460144,5.109999999999999,5.109999999999999,2.2387211385683377,5.109999999999999,0.00031569808115960996,-0.4114698165398556,simple_henderson_hasselbalch
2.847472489508012,7.152527510491987,10.0,20.0,2.5118864315095824,0.4000000000000004,0.5,0.5,0.01423736244754006,0.03576263755245994,0.05,0.03576263755245994,5.1602948307228065,4.738059331968826,5.16,5.16,2.5118864315095824,5.16,0.0002948307228063385,-0.4219406680311746,simple_henderson_hasselbalch
2.618909674595813,7.3810903254041875,10.0,20.0,2.818382931264455,0.4500000000000002,0.5,0.5,0.013094548372979065,0.03690545162702094,0.05,0.03690545162702094,5.210276852059662,4.777590765184262,5.21,5.21,2.818382931264455,5.21,0.00027685205966232473,-0.43240923481573823,simple_henderson_hasselbalch
2.402530733520421,7.597469266479577,10.0,20.0,3.1622776601683795,0.5,0.5,0.4999999999999999,0.012012653667602105,0.037987346332397885,0.04999999999999999,0.037987346332397885,5.260261322494622,4.817124135423362,5.26,5.26,3.1622776601683795,5.26,0.0002613224946221848,-0.44287586457663775,simple_henderson_hasselbalch
2.198703960068416,7.801296039931583,10.0,20.0,3.5481338923357533,0.5499999999999998,0.5,0.5,0.010993519800342081,0.03900648019965792,0.05,0.03900648019965792,5.310247810952259,4.8566591017429435,5.31,5.31,3.5481338923357533,5.31,0.00024781095225900884,-0.45334089825705615,simple_henderson_hasselbalch
2.0076000891310186,7.99239991086898,10.0,20.0,3.981071705534969,0.5999999999999996,0.5,0.4999999999999999,0.010038000445655093,0.0399619995543449,0.049999999999999996,0.0399619995543449,5.360236083826836,4.89619547938118,5.359999999999999,5.359999999999999,3.981071705534969,5.359999999999999,0.00023608382683626417,-0.4638045206188197,simple_henderson_hasselbalch
1.8292116580002566,8.170788341999742,10.0,20.0,4.4668359215096345,0.6500000000000004,0.5,0.4999999999999999,0.009146058290001284,0.04085394170999872,0.05,0.04085394170999872,5.410225863009827,4.935733048378407,5.41,5.41,4.4668359215096345,5.41,0.00022586300982663232,-0.47426695162159316,simple_henderson_hasselbalch
1.6633753081656184,8.33662469183438,10.0,20.0,5.011872336272724,0.7000000000000001,0.5,0.4999999999999999,0.008316876540828093,0.041683123459171904,0.049999999999999996,0.041683123459171904,5.460216936027771,4.975271640686589,5.46,5.46,5.011872336272724,5.46,0.0002169360277708421,-0.48472835931341063,simple_henderson_hasselbalch
1.509795572113233,8.490204427886768,10.0,20.0,5.623413251903491,0.75,0.5,0.5000000000000001,0.007548977860566165,0.042451022139433844,0.05000000000000001,0.042451022139433844,5.51020912912996,5.014811118884024,5.51,5.51,5.623413251903491,5.51,0.0002091291299599618,-0.4951888811159755,simple_henderson_hasselbalch
1.3680688860321006,8.6319311139679,10.0,20.0,6.30957344480193,0.7999999999999998,0.5,0.5,0.006840344430160504,0.0431596555698395,0.05,0.0431596555698395,5.560202255440879,5.054351335168429,5.56,5.56,6.30957344480193,5.56,0.00020225544087981717,-0.505648664831571,simple_henderson_hasselbalch
1.2377068106893552,8.762293189310645,10.0,20.0,7.079457843841373,0.8499999999999996,0.5,0.5,0.0061885340534467755,0.04381146594655323,0.05000000000000001,0.04381146594655323,5.61019614154814,5.093892152385677,5.609999999999999,5.609999999999999,7.079457843841373,5.609999999999999,0.00019614154814018292,-0.5161078476143226,simple_henderson_hasselbalch
1.1181576977811687,8.88184230221883,10.0,20.0,7.943282347242821,0.9000000000000004,0.5,0.4999999999999999,0.005590788488905844,0.04440921151109416,0.05,0.04440921151109416,5.6601909368075045,5.133433688663195,5.66,5.66,7.943282347242821,5.66,0.00019093680750437159,-0.5265663113368051,simple_henderson_hasselbalch
1.0088262835672328,8.991173716432767,10.0,20.0,8.91250938133746,0.9500000000000002,0.5,0.5,0.005044131417836164,0.04495586858216384,0.05,0.04495586858216384,5.710186176500491,5.172975576449067,5.71,5.71,8.91250938133746,5.71,0.00018617650049090884,-0.5370244235509327,simple_henderson_hasselbalch
1.0,10.0,10.0,21.0,10.0,1.0,0.47619047619047616,0.5238095238095238,0.004761904761904762,0.047619047619047616,0.052380952380952375,0.047619047619047616,5.76017372088345,5.2125113779137715,5.76,5.76,10.0,5.76,0.00017372088345002368,-0.5474886220862283,simple_henderson_hasselbalch
