candidate_type,v_tube_ml,split,n,intercept,slope,mean_error,mae,rmse,max_abs,correlation
grid,0.0,test,126,1.002597759458327,0.7628835689032754,-0.2867338158753531,0.2867338158753531,0.2914055938403278,0.4431228046637976,0.98927934445994
grid,0.0,train,205,1.002597759458327,0.7628835689032754,-8.665155314147563e-18,0.05986551790384512,0.09518298287735057,0.5609248094914303,0.9454649830353999
grid,0.5,test,121,0.967760586449151,0.7697474330751044,-0.2847755142727744,0.2847755142727744,0.28981330619710904,0.44116226046677554,0.9888344330504937
grid,0.5,train,197,0.967760586449151,0.7697474330751044,9.828573375361792e-16,0.05946789364564998,0.09463835261325432,0.5545341364354313,0.9452788725711306
grid,1.0,test,121,0.9234222033974746,0.7790857164253506,-0.28513816359981314,0.28513816359981314,0.29041888722809467,0.44109020141793476,0.9881062091715017
grid,1.0,train,197,0.9234222033974746,0.7790857164253506,-8.476017406275307e-16,0.05966141965845757,0.09453641116920385,0.5518587262184509,0.9454000994016241
grid,1.5,test,121,0.8798912540214896,0.7882540545642812,-0.28549381328673495,0.28549381328673495,0.29110563483291624,0.44107806363306246,0.9870868975375611
grid,1.5,train,197,0.8798912540214896,0.7882540545642812,-1.0459766160935485e-15,0.060109819053728884,0.0946332936025785,0.5488604797673817,0.9452848920984323
grid,2.0,test,121,0.8373341770360428,0.797217401097079,-0.2858410739225977,0.2858410739225977,0.2918779707742861,0.4411302794778269,0.9857538099726271
grid,2.0,train,197,0.8373341770360428,0.797217401097079,2.05363081306298e-15,0.06091665399345255,0.09494270775425988,0.5455230555600901,0.9449160689973348
grid,2.5,test,121,0.7959289128164354,0.8059382873976503,-0.2861784613877875,0.2861784613877875,0.2927402599937524,0.4427934623809602,0.9840832137379204
grid,2.5,train,197,0.7959289128164354,0.8059382873976503,9.017039793909901e-17,0.06207512135056642,0.09547716307758636,0.5418302094728791,0.944275818146299
grid,3.0,test,121,0.7558648005055263,0.8143768442319098,-0.28650439786352805,0.28650439786352805,0.2936967582535376,0.4592587585520844,0.9820503826254287
grid,3.0,train,197,0.7558648005055263,0.8143768442319098,-1.266894091044341e-15,0.06346737620790364,0.09624762389229899,0.5377659463482765,0.9433457463985103
grid,3.5,test,121,0.7173423095770827,0.8224908582380834,-0.28681721422669115,0.28681721422669115,0.294751553500501,0.4762603838207733,0.9796296692383374
grid,3.5,train,197,0.7173423095770827,0.8224908582380834,-1.9521891153814936e-15,0.0650542899939928,0.0972631957701649,0.5333146909328264,0.9421069417032399
grid,4.0,test,121,0.6805725819315274,0.8302358683022288,-0.28711515402722876,0.28711515402722876,0.29590850115822404,0.4937898988413192,0.9767946011579093
grid,4.0,train,197,0.6805725819315274,0.8302358683022288,-9.377721385666297e-16,0.066848329051943,0.09853086475558794,0.5284614783532309,0.9405400497630318
grid,4.5,test,121,0.64577676066351,0.8375653068540098,-0.28739637924464023,0.28739637924464023,0.29717115377501857,0.5118351727243953,0.973518003659653
grid,4.5,train,197,0.64577676066351,0.8375653068540098,-1.1947577726930617e-16,0.06896082651160274,0.10005530524091755,0.5231921638311761,0.9386253661259037
grid,5.0,test,121,0.6131850825232164,0.8444306909220674,-0.2876589780119493,0.2876589780119493,0.2985426857081524,0.5303800667217295,0.9697721515002733
grid,5.0,train,197,0.6131850825232164,0.8444306909220674,-1.3908783882106023e-15,0.0712616535469606,0.1018387663840846,0.5174936507731047,0.9363429446282118
grid,5.5,test,121,0.5830357129641637,0.85078186739455,-0.28790097447957247,0.28790097447957247,0.30002581380289306,0.549404131199104,0.9655289520276914
grid,5.5,train,197,0.5830357129641637,0.85078186739455,-1.3796070884682148e-15,0.07380924398761857,0.10388103988667671,0.5113541357112101,0.9336727228905164
grid,6.0,test,121,0.5555733056911099,0.856567316294401,-0.288120340965768,0.288120340965768,0.30162271532101703,0.568882324276804,0.9607601614464486
grid,6.0,train,197,0.5555733056911099,0.856567316294401,-4.332687620973707e-15,0.0765995353349217,0.1061795048860361,0.5047633678215178,0.9305946652895551
grid,6.5,test,121,0.5310472729367247,0.8617345149705173,-0.2883150125038345,0.2883150125038345,0.30333494467627825,0.5887847614713575,0.9554376354789444
grid,6.5,train,197,0.5310472729367247,0.8617345149705173,-2.709620458069925e-15,0.0795842286650155,0.1087292397494938,0.4977129199153856,0.9270889234800054
grid,7.0,test,121,0.5097097584146645,0.8662303649017887,-0.28848290384826414,0.28848290384826414,0.3051633508304462,0.6090765064858283,0.9495336148823872
grid,7.0,train,197,0.5097097584146645,0.8662303649017887,-2.2272088290957457e-15,0.0827544309440075,0.11152318648432066,0.4901964669117014,0.9231360141188266
grid,7.5,test,121,0.4918133120771658,0.8700016812990873,-0.28862192894171773,0.28862192894171773,0.30710799747606693,0.6297174138966781,0.9430210453020468
grid,7.5,train,197,0.4918133120771658,0.8700016812990873,-3.040996670496114e-15,0.08604083012842076,0.11455235163638293,0.4822100668754423,0.9187170129541168
grid,8.0,test,121,0.47760827443708653,0.8729957438727668,-0.28873002277270854,0.28873002277270854,0.3091680883633394,0.6506620347982226,0.9358739297631122
grid,8.0,train,197,0.47760827443708653,0.8729957438727668,2.3218877469317995e-16,0.08939926467773304,0.11780602783110254,0.47375243879117335,0.9138137638856548
grid,8.5,test,121,0.4673398881967148,0.8751609050312233,-0.28880516547060503,0.288846649992129,0.31134190029850667,0.6718595964122827,0.9280677107390917
grid,8.5,train,197,0.4673398881967148,0.8751609050312233,6.334470455221705e-16,0.09288529834303559,0.12127202205439083,0.4648252303718827,0.9084091009960851
grid,9.0,test,121,0.4612451660553999,0.8764472494324129,-0.28884540839194905,0.2892224340578352,0.31362672643092737,0.693254066176773,0.9195796772128519
grid,9.0,train,197,0.4612451660553999,0.8764472494324129,-2.599161720594529e-15,0.09643789689717971,0.12493687974646818,0.4554332684374218,0.9024870809059985
grid,9.5,test,121,0.4595495555247633,0.8768072962923955,-0.2888489018529849,0.28956953333841146,0.3160188324379939,0.7147843098280973,0.9103893905141285
grid,9.5,train,197,0.4595495555247633,0.8768072962923955,-2.4932115030160877e-15,0.1000950586593985,0.12878609714827421,0.44558478379151456,0.8960332221445034
grid,10.0,test,121,0.4624634539221723,0.8761967332559204,-0.28881392406109496,0.2901309710917908,0.31851342809650685,0.736384351440118,0.9004791210412597
grid,10.0,train,197,0.4624634539221723,0.8761967332559204,-3.4490177211705373e-15,0.10394082064135968,0.13280431757200578,0.43529160214325024,0.8890347475759532
grid,10.5,test,121,0.47017863888184863,0.8745751680714076,-0.28873891069736285,0.2908610581449068,0.32110465648644293,0.7579837412539394,0.8898342863409554
grid,10.5,train,197,0.47017863888184863,0.8745751680714076,-2.637484139718646e-16,0.10785092008705302,0.13697551000895916,0.42456929251913067,0.8814808253152079
grid,11.0,test,121,0.48286469105945296,0.8719068819252268,-0.2886224845094287,0.29155124743038296,0.3237856027050032,0.7795080344363132,0.8784438795309936
grid,11.0,train,197,0.48286469105945296,0.8719068819252268,-1.4337093272316742e-15,0.11177800053882804,0.1412831305590468,0.4134372648504563,0.8733628030332177
grid,11.5,test,121,0.5006654954778464,0.8681615662320388,-0.28846348419372647,0.2924573423716817,0.3265483234788934,0.800879380685874,0.8663008758220632
grid,11.5,train,197,0.5006654954778464,0.8681615662320388,-1.039213836248116e-15,0.11573075645495164,0.1457102685307366,0.40191880904146515,0.864674430139335
grid,12.0,test,121,0.5234789936305025,0.8633588636472539,-0.28825400417596964,0.29332410392263375,0.32937694690189473,0.8220104591054316,0.853402604046485
grid,12.0,train,197,0.5234789936305025,0.8633588636472539,-1.5193712052738182e-15,0.11968057679879111,0.15023671920510456,0.3926231965341076,0.8554184507130088
grid,12.5,test,121,0.5510747659818542,0.8575446477513589,-0.28798338388589695,0.29451002560407397,0.3322521906273251,0.8428139080266472,0.8397510697486025
grid,12.5,train,197,0.5510747659818542,0.8575446477513589,-1.632084202697692e-15,0.12361074467480322,0.15484186587445223,0.3875816447370912,0.8456021425964798
grid,13.0,test,121,0.5825027699623516,0.8509322837958201,-0.2877233730958192,0.29574640916793565,0.335222526400272,0.8632983982751732,0.825353216633243
grid,13.0,train,197,0.5825027699623516,0.8509322837958201,1.0076541969694314e-15,0.1274823082733841,0.1594307391764937,0.38433918207933093,0.8354057770694003
grid,13.5,test,121,0.6180470195520269,0.8434596364403496,-0.2874605191917941,0.2970871522582327,0.33826617827033273,0.8833866430341377,0.8102211140755505
grid,13.5,train,197,0.6180470195520269,0.8434596364403496,-2.031088213578205e-15,0.13140439335506096,0.1640127310998529,0.39895226632621394,0.8247962916677054
grid,14.0,test,121,0.6588413528660044,0.8348812346285663,-0.2871533030037012,0.2985162948311487,0.3413396559148883,0.9029481808415545,0.7943720599987094
grid,14.0,train,197,0.6588413528660044,0.8348812346285663,-2.7366715774516547e-15,0.13547015141023128,0.16863819393214033,0.4145941239434414,0.8136349015951769
grid,14.5,test,121,0.7048487381939196,0.8252048295965411,-0.2868019040300394,0.3000225341564637,0.34443053088031267,0.9219025476755656,0.7778285907076283
grid,14.5,train,197,0.7048487381939196,0.8252048295965411,-5.928703664495759e-16,0.13960137978318501,0.17329121514690127,0.43047422428688265,0.8019304920518148
grid,15.0,test,121,0.7539960967627662,0.8148801777392352,-0.28648695751965886,0.30154819829243107,0.3475877745285549,0.9403180404156473,0.7606183921545011
grid,15.0,train,197,0.7539960967627662,0.8148801777392352,5.861075866041436e-17,0.1436977724287285,0.17786766740169,0.44597469696380987,0.7899319181831927
grid,15.5,test,121,0.8066004997228866,0.8038226486637596,-0.28612034729454777,0.3029668973934237,0.3507270911939354,0.9580436682145237,0.7427741104801892
grid,15.5,train,197,0.8066004997228866,0.8038226486637596,-2.091953232187097e-15,0.14765547843364143,0.18239976705325794,0.46114791454230364,0.7775518232345218
grid,16.0,test,121,0.8628786571709168,0.7919902763193797,-0.28571789789734897,0.3042856596673409,0.35385002621272155,0.9750326693891331,0.7243330633492415
grid,16.0,train,197,0.8628786571709168,0.7919902763193797,-2.2001577097140157e-15,0.15141897207810281,0.18688687891328576,0.47593707478968117,0.7647828955485099
grid,16.5,test,121,0.9236264538675398,0.7792132543333321,-0.28526247191176013,0.3054804479765703,0.3569313780397721,0.9911722157316731,0.7053368573658367
grid,16.5,train,197,0.9236264538675398,0.7792132543333321,-9.242465788757647e-16,0.15514720720792674,0.1913501237908588,0.49031015162621916,0.7515509881829792
grid,17.0,test,121,0.9888895959001713,0.765484746348195,-0.28476712193642395,0.3065763740541477,0.3599686093519233,1.0064038992796585,0.6858309204933662
grid,17.0,train,197,0.9888895959001713,0.765484746348195,-7.574313426884317e-16,0.15882235110402515,0.1957821424708922,0.5042020590220044,0.7378595492739434
grid,17.5,test,121,1.058457103672114,0.7508491271725443,-0.28413517746023786,0.3076984244988625,0.3626748969762087,1.0087829048943364,0.6670496215364952
grid,17.5,train,197,1.058457103672114,0.7508491271725443,-2.4165666647678536e-15,0.16239021150409794,0.20017032110298838,0.517562604745307,0.723730782730775
grid,18.0,test,121,1.132087479570567,0.7353572028228854,-0.28346842614485357,0.30898290496301006,0.3653185169904521,1.0103516260165462,0.6479003339175665
grid,18.0,train,197,1.132087479570567,0.7353572028228854,-2.2046662296109708e-15,0.16585180165999153,0.20450269810074428,0.5303451689862655,0.7091892190682326
grid,18.5,test,121,1.208730663564892,0.7192232733411785,-0.28274572141292237,0.31015787408894563,0.3678773418240156,1.0114224273095536,0.628399613293729
grid,18.5,train,197,1.208730663564892,0.7192232733411785,-9.828573375361792e-16,0.16919630602214586,0.20874728831590525,0.5425510313164157,0.6943356414553014
grid,19.0,test,121,1.2889163448044625,0.7023428549196395,-0.2819968335922513,0.31153377109971636,0.3703641055792603,1.0119788152285736,0.6085944808192254
grid,19.0,train,197,1.2889163448044625,0.7023428549196395,-3.2010491268380147e-15,0.17248962310220906,0.21291714523011432,0.5541019341963196,0.6791205036685506
grid,19.5,test,121,1.3723332351213289,0.6847815088173614,-0.28122471265191196,0.3129491499905395,0.3727710045317153,1.0120239484778857,0.5885329086353187
grid,19.5,train,197,1.3723332351213289,0.6847815088173614,-1.5599478843464128e-15,0.17572137531665183,0.2170025239354204,0.5649641776339136,0.6635735562008506
grid,20.0,test,121,1.458629291893876,0.6666135695848919,-0.28045452142518057,0.3144864681444669,0.37509460880376394,1.0115670799697654,0.5683498542525806
grid,20.0,train,197,1.458629291893876,0.6666135695848919,1.095570334960053e-15,0.17883613760101325,0.22099447365249728,0.575109064884403,0.6477262015309183
grid,20.5,test,121,1.5474917117838352,0.6479046624956255,-0.27969206910868205,0.31590539032748977,0.3773284038252613,1.0106147833097179,0.5481125981263936
grid,20.5,train,197,1.5474917117838352,0.6479046624956255,-1.4246922874377643e-15,0.18187161648889824,0.22488512206847908,0.5845141680519337,0.6316101965662645
grid,21.0,test,121,1.6383728194177214,0.6287721729818601,-0.27898480108379153,0.3173338405836099,0.37939241331952656,1.0092052829305223,0.5286541407491191
grid,21.0,train,197,1.6383728194177214,0.6287721729818601,-4.4048239393249865e-15,0.18482354374012638,0.22865073603766436,0.5931594538619311,0.6153320995497621
grid,21.5,test,121,1.7309728681291767,0.6092783997519743,-0.2783828136087171,0.3184964657181725,0.3811753061983989,1.0073468790362403,0.5111384258519512
grid,21.5,train,197,1.7309728681291767,0.6092783997519743,-2.209174749507926e-15,0.18763779866352398,0.2322933835672616,0.6010370401957887,0.5988971911911857
grid,22.0,test,121,1.8250352762953208,0.5894773710108261,-0.2777286669062916,0.31949107490164697,0.3828310217020251,1.0050507455862174,0.49368032924217387
grid,22.0,train,197,1.8250352762953208,0.5894773710108261,-3.471560320655312e-16,0.19046645878374757,0.23581890575188363,0.6081380373580902,0.5822915069814303
grid,22.5,test,121,1.9170584294082484,0.5701160461275864,-0.2771350598744299,0.3204204775820966,0.38446569483298276,1.002640866611733,0.47617157756575984
grid,22.5,train,197,1.9170584294082484,0.5701160461275864,1.1586896135174223e-15,0.19311118471805241,0.2391151809447094,0.6145640825959866,0.5660893278419802
grid,23.0,test,121,2.0091259540314095,0.5507496394254278,-0.2765797413774136,0.32132475451539566,0.38604098421978966,0.9999255914855469,0.4587475777580759
grid,23.0,train,197,2.0091259540314095,0.5507496394254278,-3.949463429732536e-15,0.19557108260163336,0.24226362893447875,0.620262044506843,0.5499492038696363
grid,23.5,test,121,2.1006497879558848,0.5315009016440524,-0.2760487146965188,0.3224090690665397,0.38755300569132983,0.9969487240413581,0.44138123117479444
grid,23.5,train,197,2.1006497879558848,0.5315009016440524,-9.15229539081855e-16,0.1979488702807505,0.24526101315612228,0.6252682199250925,0.5339255164366388
grid,24.0,test,120,2.191070063592418,0.5124797362584,-0.271647606436385,0.32000446073170546,0.384749022299891,0.9937201138593554,0.4273606575312562
grid,24.0,train,197,2.191070063592418,0.5124797362584,3.9674975093203564e-16,0.20027176402559574,0.2481115301318044,0.6296571561795279,0.5180363477581527
grid,24.5,test,120,2.2767118271875817,0.4944728655923466,-0.27110940936567635,0.3209493938093215,0.3860907244526049,0.9906341764935984,0.410419776883726
grid,24.5,train,197,2.2767118271875817,0.4944728655923466,-2.2091747495079257e-16,0.20250148285872097,0.25069628810855793,0.6336104400173213,0.5030290625964565
grid,25.0,test,120,2.3574730600747453,0.47749426745973794,-0.2706347402766848,0.3218684167148696,0.38738211716131266,0.9876866424029238,0.39385668447322475
grid,25.0,train,197,2.3574730600747453,0.47749426745973794,-1.6816779215641965e-15,0.20455207178984447,0.2530747408249938,0.6372235851586305,0.4886691853509629
grid,25.5,test,120,2.4316351794750752,0.4619116750695142,-0.27024162372280297,0.32275886853577146,0.38863174318445437,0.9850903142312841,0.3778139289690279
grid,25.5,train,197,2.4316351794750752,0.4619116750695142,-1.0820447752691882e-15,0.20637669445503146,0.2552295683119377,0.6406461809305153,0.4751628507754159
grid,26.0,test,120,2.5058757938226077,0.4463066919756601,-0.26977953001427685,0.3234987589407265,0.3897339961625519,0.9821957844598472,0.3621377824552758
grid,26.0,train,197,2.5058757938226077,0.4463066919756601,-1.8890698368241243e-15,0.2080953281544016,0.25731165121486654,0.6435201120088765,0.46162378518215896
grid,26.5,test,120,2.579393635137201,0.43084630099168125,-0.26928515703447464,0.3241290736996756,0.3907467697841814,0.979069323948929,0.34659132567074774
grid,26.5,train,197,2.579393635137201,0.43084630099168125,9.467891783605396e-17,0.20967780171084507,0.2593116650877366,0.6459134934578259,0.4481252081178571
grid,27.0,test,120,2.651559349708383,0.4156608463604134,-0.2687534090054195,0.32467937353168935,0.3916689967582478,0.9757639197947459,0.33119342133540175
grid,27.0,train,197,2.651559349708383,0.4156608463604134,-1.1271299742387376e-15,0.21111510343460688,0.26122180431711206,0.6478946422559542,0.43474010279087427
grid,27.5,test,120,2.7224029596463173,0.40074431143083716,-0.2681855452151659,0.32516434848983217,0.3925018931365717,0.9722851083239412,0.31596126194534613
grid,27.5,train,197,2.7224029596463173,0.40074431143083716,8.295676610397109e-16,0.21251895956681743,0.26303888329347824,0.6494747408231287,0.42151742990055563
grid,28.0,test,120,2.789897373503085,0.38652359470863606,-0.26761817971138285,0.3255887375178406,0.3932948730159415,0.9688425795740372,0.3007333316916002
grid,28.0,train,197,2.789897373503085,0.38652359470863606,2.1190043515688266e-16,0.21388008558877994,0.26472903324018987,0.6508477717182108,0.40874852792392785
grid,28.5,test,119,2.8381539192176644,0.3765076777336258,-0.2645258113402863,0.3237076753330831,0.39152716999704656,0.9679247049995894,0.3015561336477586
grid,28.5,train,196,2.8381539192176644,0.3765076777336258,-7.159805628194887e-16,0.21558933170777006,0.2668338853882071,0.6528158998307756,0.3973999039122743
grid,29.0,test,119,2.8218486970910943,0.37947385683633017,-0.26232269640517436,0.3233372436882567,0.3915056083018854,0.9703107056559803,0.2867565072112174
grid,29.0,train,195,2.8218486970910943,0.37947385683633017,-1.3983116658868638e-15,0.21560505818160072,0.2672140266510655,0.6632610210039385,0.39759986737049147
grid,29.5,test,119,2.8863573555783897,0.36588077051800477,-0.26165036180482176,0.32350012240540155,0.3921348442438005,0.9666424315240025,0.27157520558057385
grid,29.5,train,195,2.8863573555783897,0.36588077051800477,1.061259342513483e-15,0.2168426922495164,0.26876584235579504,0.663770784520338,0.38506962059604194
grid,30.0,test,119,2.9500771291260115,0.3524605643004287,-0.2610226214676205,0.32362482499282536,0.39268837239898075,0.962866922324058,0.2568764076838008
grid,30.0,train,195,2.9500771291260115,0.3524605643004287,-2.1862853408003084e-16,0.2179978842695471,0.2702555621918232,0.66383762959624,0.37257291116473673
grid,30.5,test,119,3.0133963486379196,0.3391247946864509,-0.2604065203682197,0.32368848302113196,0.39319709965241356,0.9589111352941648,0.24226108909357327
grid,30.5,train,195,3.0133963486379196,0.3391247946864509,2.281935324460322e-15,0.21908835612573402,0.27169111518786837,0.6634574478181614,0.3600517777057483
grid,31.0,test,119,3.076721833278681,0.3257862686299171,-0.25984902196828824,0.3236430258190093,0.3936492826857264,0.9547241539034168,0.22819334692623142
grid,31.0,train,195,3.076721833278681,0.3257862686299171,-1.166018848426831e-15,0.22021475727690745,0.273069239811486,0.6625959109507242,0.3475417127568605
grid,31.5,test,119,3.139460842355822,0.3125705122597821,-0.25934442949726577,0.32365766455889633,0.39396655628493094,0.9503762376182694,0.21562655857455162
grid,31.5,train,195,3.139460842355822,0.3125705122597821,-2.0177591791136178e-15,0.22130289371411943,0.27438112554881744,0.6613183034202796,0.33513737545145056
grid,32.0,test,119,3.199801325337689,0.2998672470259088,-0.2589018568599472,0.3238220056541905,0.3942124911929055,0.9479620551164936,0.204135420448157
grid,32.0,train,195,3.199801325337689,0.2998672470259088,2.095190118266962e-16,0.22227266794709313,0.2756041356043396,0.6598133818245193,0.3230882450939221
grid,32.5,test,119,3.2591971176856926,0.28736192972431307,-0.25852862388101433,0.3238721632678583,0.3944160717011403,0.9527611142301153,0.1934027825222458
grid,32.5,train,195,3.2591971176856926,0.28736192972431307,9.109522253334618e-18,0.22316286929348964,0.2767611355642911,0.6579652085953391,0.3112082348628487
grid,33.0,test,119,3.3174030379407706,0.2751062527169638,-0.25820371252786256,0.3238482183371538,0.3945994580389477,0.957291477925001,0.1830721183780228
grid,33.0,train,195,3.3174030379407706,0.2751062527169638,-1.3618735768735254e-15,0.22401394344996536,0.2778533538999007,0.6558154846849353,0.29951305181793325
grid,33.5,test,119,3.372884918013306,0.2634212412079717,-0.25788848068643655,0.3237665314732191,0.39475671700600923,0.9615022150329993,0.17312886889428572
grid,33.5,train,195,3.372884918013306,0.2634212412079717,-2.7784042872670584e-16,0.22475415060916107,0.2788626661069755,0.6535869276711628,0.2882407342385026
grid,34.0,test,119,3.4265967427050033,0.2521079947687674,-0.2575710704738567,0.32365360583931846,0.39490206582924564,0.9654460957824385,0.1631685924962239
grid,34.0,train,195,3.4265967427050033,0.2521079947687674,6.467760799867578e-16,0.22540887524071862,0.27980802284708384,0.6511741793651424,0.2772280708064933
grid,34.5,test,119,3.47864936708867,0.24114397562132528,-0.2572965111085239,0.32348466397472253,0.39499981084236696,0.9691399338801152,0.15408330562463282
grid,34.5,train,195,3.47864936708867,0.24114397562132528,-9.792736422334715e-16,0.22601895326558707,0.280691837677292,0.6485789454518605,0.2664853031117899
grid,35.0,test,119,3.528394605004506,0.2306677552035087,-0.2570343481728284,0.3232795233669641,0.3950398924441091,0.9725860324910296,0.1459431529591111
grid,35.0,train,195,3.528394605004506,0.2306677552035087,-1.8947806286936005e-15,0.22659303527008948,0.2815107603265325,0.6456574820849559,0.2560973459138101
grid,35.5,test,117,3.572806185696563,0.22130619735532703,-0.24915624669708422,0.31663124990745734,0.38655567614217623,0.9756769705279296,0.12517704949045272
grid,35.5,train,195,3.572806185696563,0.22130619735532703,1.5759473498268888e-15,0.22708956672068345,0.2822226223740991,0.6387353160803295,0.24668630079027187
grid,36.0,test,117,3.6170424900191573,0.21198096934935892,-0.24896689806319935,0.31658173012473945,0.38652962063216717,0.9785930996332763,0.11813577208005376
grid,36.0,train,195,3.6170424900191573,0.21198096934935892,1.25255930983351e-15,0.2275630589805289,0.28290447599375534,0.6395986970214191,0.2372986961621529
grid,36.5,test,117,3.659931730705157,0.2029423531444399,-0.24874618500586604,0.31647924557824014,0.3864674383457923,0.98132824102299,0.11126887927333402
grid,36.5,train,195,3.659931730705157,0.2029423531444399,7.560903470267733e-16,0.2280113133092199,0.2835471606044664,0.6434646707184712,0.22807492801161913
grid,37.0,test,117,3.701008458335115,0.19428509273210398,-0.24852477119907232,0.31636185299808717,0.3863587485925328,0.9838663929569207,0.10525681877911978
grid,37.0,train,195,3.701008458335115,0.19428509273210398,2.3684757858670006e-16,0.2284298515699122,0.28415104694457605,0.6470958141384489,0.2190340896129321
grid,37.5,test,117,3.7363581109922737,0.1868319469971108,-0.248290676942492,0.3162305795609343,0.3862303247531972,0.9861465802039873,0.10000309482918728
grid,37.5,train,195,3.7363581109922737,0.1868319469971108,-2.049642507000289e-15,0.2287845357513694,0.2846600218507236,0.6503033061608119,0.21109789929064698
grid,38.0,test,117,3.771323982716817,0.17945170274134573,-0.24803088109922697,0.3160366232804992,0.3860570223694634,0.9882502240565807,0.09545699206803662
grid,38.0,train,195,3.771323982716817,0.17945170274134573,-1.9995401346069486e-15,0.22911042936594897,0.2851523791331515,0.6533397712213147,0.20311167438208308
grid,38.5,test,117,3.8066308408751137,0.17199983719382328,-0.2477765538182629,0.315841674079144,0.38589164664994186,0.9902263590046094,0.09086989110795035
grid,38.5,train,195,3.8066308408751137,0.17199983719382328,1.2889973988468484e-15,0.22940692838716148,0.28563269282782927,0.6562765534209869,0.19499176747975472
grid,39.0,test,117,3.8420629550795646,0.16451884294830793,-0.24749090682705627,0.315616465090645,0.3857169932191643,0.9920569625110205,0.08608371905343247
grid,39.0,train,195,3.8420629550795646,0.16451884294830793,1.3390997712401888e-15,0.229688745519571,0.28610225523436594,0.6590891926352218,0.1866984861948311
grid,39.5,test,117,3.867400023690897,0.15923970048658015,-0.24762260524236757,0.31572074452382015,0.3858623329367569,0.9940225922951096,0.08108895225004482
grid,39.5,train,194,3.867400023690897,0.15923970048658015,-1.6298531825424978e-15,0.2308519654982984,0.28725003009806926,0.6617051141095307,0.1789193195102407
grid,40.0,test,117,3.89843860578584,0.15263506593865414,-0.24710552868936808,0.31542033403592046,0.3855595112959343,0.9953435994004294,0.07620039478559074
grid,40.0,train,193,3.89843860578584,0.15263506593865414,-1.6659097820282142e-15,0.23214878582361492,0.2884060334045151,0.663899681273977,0.1709815938899614
grid,40.5,test,117,3.9329731976096554,0.14534941036844082,-0.2468083553606724,0.3152547587238936,0.385376511729584,0.9968239745666367,0.07156999062872667
grid,40.5,train,193,3.9329731976096554,0.14534941036844082,-5.522352868601815e-16,0.23251658882191112,0.2888162301349905,0.6663778769651851,0.16270010470549026
grid,41.0,test,117,3.966114909078519,0.1383608272340573,-0.2465264225607256,0.3150914410248764,0.3852062996318554,0.9981869066310831,0.0670481919352331
grid,41.0,train,193,3.966114909078519,0.1383608272340573,-3.5435097573528312e-15,0.23284956454727754,0.2891918648583724,0.6687070233590657,0.15471694231428051
grid,41.5,test,117,3.995878652301965,0.13208298489303208,-0.24625573569785716,0.31493022535151427,0.38505367796915996,0.9994174015480799,0.06257251307103782
grid,41.5,train,193,3.995878652301965,0.13208298489303208,-4.312037198233251e-15,0.23318604218356237,0.28952141055230823,0.6708037589031286,0.14734836236617183
grid,42.0,test,117,4.022923552859572,0.1263817559317678,-0.24602739287743228,0.3147966917572953,0.38494173527166736,1.0005563567316869,0.05790744951649996
grid,42.0,train,193,4.022923552859572,0.1263817559317678,-3.72298622558239e-15,0.23348881477744418,0.28981017417890703,0.6727285689307245,0.14056710453976407
grid,42.5,test,117,4.05113695762013,0.12043378265139187,-0.2457869220006859,0.3146500404386673,0.3848154822357117,1.0015865695481296,0.05327363986201657
grid,42.5,train,193,4.05113695762013,0.12043378265139187,-2.3838156549464503e-15,0.233768836214177,0.2900951728756199,0.675619207258102,0.13352988200125496
grid,43.0,test,117,4.078380167323137,0.11468861657659049,-0.2455443210163056,0.31449828703177446,0.38469068278555385,1.0025070918857808,0.04857109547910766
grid,43.0,train,193,4.078380167323137,0.11468861657659049,-1.6290940962375355e-15,0.234020354495643,0.29035910792420966,0.6782981231100247,0.1266578718851011
grid,43.5,test,117,4.1042106302087475,0.1092387056140496,-0.24529597436181672,0.31434561495501717,0.38456927474653474,1.003322655749296,0.043640114856137224
grid,43.5,train,193,4.1042106302087475,0.1092387056140496,-3.281197996094245e-15,0.23424832446696076,0.29059921475819533,0.6807442389504375,0.12005921059037791
grid,44.0,test,117,4.1297547724662405,0.10384800761272099,-0.24503740597372078,0.3141911117490808,0.3844360544519694,1.004037461512071,0.038811154114842664
grid,44.0,train,193,4.1297547724662405,0.10384800761272099,-3.069507802797842e-15,0.23445343353590467,0.29082249101355473,0.6830000538434926,0.1135742967450472
grid,44.5,test,117,4.153466427586784,0.09855358509331247,-0.24341528706823992,0.3131032577293406,0.38340643971023064,1.0032847299915484,0.03515673406667184
grid,44.5,train,192,4.153466427586784,0.09855358509331247,-5.689893001203927e-16,0.23443267527097267,0.2911542504212341,0.6836954235731487,0.1074811995235051
grid,45.0,test,117,4.179302801944137,0.09310279148077302,-0.24316949045660097,0.3129393086666049,0.3832497870428274,1.0038100332302027,0.03149733297223993
grid,45.0,train,192,4.179302801944137,0.09310279148077302,2.4147350785597155e-15,0.2346269991649821,0.29135224354584593,0.6856081949537676,0.10103170912177152
grid,45.5,test,117,4.205277685415541,0.08762251981509285,-0.24291710704019023,0.31282144308099813,0.38308894597820464,1.0042339388973809,0.027784125342725747
grid,45.5,train,192,4.205277685415541,0.08762251981509285,4.3946328058079115e-16,0.234795849459393,0.29153867334678146,0.6873412495282696,0.09455320504659978
grid,46.0,test,117,4.232328082633847,0.08191584777976002,-0.24265514441199873,0.31272760115905174,0.3829182030998486,1.0045427007202021,0.024061978305907738
grid,46.0,train,192,4.232328082633847,0.08191584777976002,1.2212453270876722e-15,0.23498428358237042,0.29171719498278875,0.6889007014236701,0.0878988068561151
grid,46.5,test,117,4.2609885684841835,0.07587089031825674,-0.2423655682679635,0.31260438142411584,0.3827144581465524,1.0047240491762408,0.020863733420149123
grid,46.5,train,192,4.2609885684841835,0.07587089031825674,9.483155002006545e-16,0.2351614189175212,0.29188937163847933,0.6902800190533909,0.08096011015039686
grid,47.0,test,117,4.291459332036472,0.06944493529155592,-0.24205290878432711,0.3124526951792403,0.3824880465966813,1.0047622414784363,0.017961086973669826
grid,47.0,train,192,4.291459332036472,0.06944493529155592,7.956598343146956e-16,0.23533698185042104,0.29205423267187686,0.6914596739408823,0.0737021945641218
grid,47.5,test,116,4.3225981427059175,0.06287848734538176,-0.23613433669998982,0.3072942778358284,0.3748791363003926,1.0046714573284317,0.02402670923818201
grid,47.5,train,192,4.3225981427059175,0.06287848734538176,9.71445146547012e-17,0.23551345740648424,0.29220446098679187,0.6924256260803312,0.06639705288666115
grid,48.0,test,116,4.354430160894696,0.05616607389129415,-0.23579613614910636,0.30710614570168715,0.3746451669844205,1.0044464728661215,0.021563598026549075
grid,48.0,train,192,4.354430160894696,0.05616607389129415,1.295260195396016e-16,0.23566543280713761,0.292339963699334,0.6931699027708649,0.05903382005557245
grid,48.5,test,116,4.389625037346887,0.04880640435020455,-0.23570830268723822,0.3070731944206429,0.3745708189019886,1.004312245730833,0.018839908659689864
grid,48.5,train,191,4.389625037346887,0.04880640435020455,1.4089950846551724e-15,0.23674699948941377,0.2932002204795922,0.6939476619767659,0.051078299863244435
grid,49.0,test,116,4.432246233504182,0.040487703022991796,-0.23844229542719297,0.3088801834174361,0.37627920550175664,1.0067939657614189,0.015862665232768892
grid,49.0,train,190,4.432246233504182,0.040487703022991796,-1.093861843209628e-15,0.23508521741734537,0.2907990744621599,0.6972880447836567,0.04268200369077634
grid,49.5,test,116,4.465196043654678,0.03353983579001543,-0.23807840679796144,0.30865206392834404,0.376040854435417,1.00615394354269,0.012843184826571
grid,49.5,train,190,4.465196043654678,0.03353983579001543,9.536231453622397e-16,0.23517177659750324,0.2908837092471793,0.6973111077055125,0.035222791220297506
grid,50.0,test,116,4.495484622366378,0.027152046829228584,-0.23774276825914004,0.3084287413137076,0.37581551656788675,1.0054699052548632,0.011259429849791917
grid,50.0,train,190,4.495484622366378,0.027152046829228584,-2.9496872780567316e-15,0.23522186315290125,0.2909469991212874,0.6971613016413056,0.028389817932857636
grid,50.5,test,116,4.526130198934433,0.020690304349514906,-0.2374117612548081,0.3082007446496242,0.3755909202650303,1.004665320607924,0.011163521839368185
grid,50.5,train,190,4.526130198934433,0.020690304349514906,4.814861959426995e-16,0.23524880683696853,0.2909967470280559,0.6967980324835694,0.021546597786998325
grid,51.0,test,116,4.557377060206078,0.014103486776578219,-0.23707972833227836,0.30797484711444545,0.3753739933476029,1.0037312772972018,0.011122534746251966
grid,51.0,train,190,4.557377060206078,0.014103486776578219,-1.9446432768171164e-15,0.2352536474862962,0.2910331478672439,0.6962122276176879,0.014634753090844421
grid,51.5,test,116,4.516741536418349,0.0232452535344164,-0.2402800089824825,0.31006757731986334,0.3774161320468129,1.0082262104791,0.0109781956221021
grid,51.5,train,189,4.516741536418349,0.0232452535344164,-1.922036897657943e-15,0.23394753139403332,0.2893686033527575,0.7006128383672601,0.02405219727593143
grid,52.0,test,116,4.5485572441741295,0.01653637288237082,-0.23992718935362323,0.30983033992457837,0.3771792203389294,1.00705847333314,0.011468275768030368
grid,52.0,train,189,4.5485572441741295,0.01653637288237082,-1.9455336812478936e-15,0.23395172705463826,0.28941022246691456,0.6998207171502941,0.017058700602268155
grid,52.5,test,116,4.580741764234652,0.009751182120942276,-0.23957709134255845,0.3095994052942509,0.37695375268636416,1.00583374752896,0.012353266586504425
grid,52.5,train,189,4.580741764234652,0.009751182120942276,-1.1419436824715897e-15,0.23393232245779172,0.28943777260533765,0.6987998684343215,0.010032819134027234
grid,53.0,test,116,4.612736700870226,0.0030074092782405295,-0.23923626492690958,0.309379509012154,0.37674566281214034,1.0046079513053052,0.013358375424720029
grid,53.0,train,189,4.612736700870226,0.0030074092782405295,-5.169292389789088e-16,0.233889995080065,0.2894509614526201,0.6975709285067224,0.0030871193929372406
grid,53.5,test,116,4.644664665515473,-0.003720788145588458,-0.23890322012562437,0.3091703166793516,0.37655494458323874,1.0033764625748796,-0.015330504276762798
grid,53.5,train,189,4.644664665515473,-0.003720788145588458,-1.1560417526255599e-15,0.23382612794014557,0.28945023911212514,0.6961301986986759,0.003810690263552876
grid,54.0,test,116,4.676143164158314,-0.010353339361981606,-0.23858209930049284,0.3089753003141771,0.37638561112841445,1.002151597378964,-0.017359944786800564
grid,54.0,train,189,4.676143164158314,-0.010353339361981606,-1.7011671319124092e-15,0.2337438713007769,0.2894361437054405,0.6944949767387709,0.010578842515540966
grid,54.5,test,116,4.706895866620496,-0.016831826653795068,-0.23827549723558708,0.3087954955146722,0.37623762774808217,1.000945426935964,-0.019202756000871207
grid,54.5,train,189,4.706895866620496,-0.016831826653795068,-1.1372443257535995e-15,0.2336467573620461,0.28940971558899536,0.6971821792299964,0.017161033692769778
grid,55.0,test,116,4.731560255766566,-0.022026734324400544,-0.2380361886134496,0.30866194287643756,0.3761339715257679,0.99996717628308,-0.021037192348032422
grid,55.0,train,189,4.731560255766566,-0.022026734324400544,-2.119409879813526e-15,0.23355816644993646,0.2893797514505357,0.7008280156891504,0.022394197777089283
grid,55.5,test,116,4.753439238461133,-0.026634540019498245,-0.23782760307954598,0.3085513230117971,0.37605301375680744,0.9990880760487069,-0.02286355607503321
grid,55.5,train,189,4.753439238461133,-0.026634540019498245,-8.928777764181154e-16,0.23347021331916112,0.2893467780618285,0.7040605731549863,0.027004868441940545
grid,56.0,test,116,4.776157714516627,-0.031419029638870985,-0.23761303953084942,0.30844184224400706,0.3759777123136729,0.9981660049655443,-0.024669032268111894
grid,56.0,train,189,4.776157714516627,-0.031419029638870985,-1.2077346765234507e-15,0.2333695028098706,0.28930620735619017,0.707415239598133,0.03177213246677073
grid,56.5,test,116,4.798823096168666,-0.03619248838172487,-0.23740024953367386,0.30833926397307876,0.37591134766460504,0.9972342957843341,-0.026442296848170496
grid,56.5,train,189,4.798823096168666,-0.03619248838172487,-6.579099405186112e-17,0.2332728563794779,0.2892593692158497,0.7107587584892534,0.03650906269471846
grid,57.0,test,116,4.822500023324637,-0.0414837323514222,-0.23571843523875619,0.3073150475366091,0.3749348895137036,0.9947468699900761,-0.02819797894737464
grid,57.0,train,188,4.822500023324637,-0.0414837323514222,4.946397901202293e-15,0.23290550397724222,0.2892917680790234,0.7130160808267774,0.04184574652372332
grid,57.5,test,116,4.84481798807491,-0.046183058788632735,-0.23552134292049332,0.30726195120057614,0.37488353001831937,0.9938112944484252,-0.028842038354315345
grid,57.5,train,188,4.84481798807491,-0.046183058788632735,2.9621695167658433e-15,0.2328081088305856,0.28923226075891934,0.716306658786467,0.04649412757005527
grid,58.0,test,115,4.867408259762849,-0.05093937701212016,-0.23636172901844743,0.3089080476956263,0.37630611386893625,0.9928557327599505,-0.029532911294117954
grid,58.0,train,188,4.867408259762849,-0.05093937701212016,-9.070758328852342e-16,0.23270370385585723,0.28916561825248976,0.7196362758114572,0.05120037329684639
grid,58.5,test,115,4.890447175477818,-0.05578988740306991,-0.23617272304181314,0.30891499270529105,0.3762676115526657,0.9918725397939041,-0.029598250472228138
grid,58.5,train,188,4.890447175477818,-0.05578988740306991,1.2047100905507018e-15,0.23259083010812673,0.2890908962535256,0.7230306693975916,0.05600774863221651
grid,59.0,test,115,4.913177057652643,-0.06057522589922563,-0.2359900941443589,0.3089271368964751,0.3762365190657118,0.9908912233359408,-0.029591458695383512
grid,59.0,train,188,4.913177057652643,-0.06057522589922563,8.031400603671346e-17,0.2324824394761023,0.28901031786435527,0.7263770811029775,0.06076596381647185
grid,59.5,test,115,4.9359020729778225,-0.06536001275023672,-0.23579469720703883,0.3089316501732315,0.3761939790208187,0.9898967744275953,-0.028991178347752285
grid,59.5,train,188,4.9359020729778225,-0.06536001275023672,2.4046958278051264e-15,0.23236565042873017,0.28892279675679144,0.7297181750857313,0.06554262253733532
grid,60.0,test,115,4.961106040206211,-0.07066807727637947,-0.23556148909617408,0.3089388911476291,0.3761488168519735,0.9887832671490773,-0.028880847620528827
grid,60.0,train,188,4.961106040206211,-0.07066807727637947,2.905477277210516e-15,0.23222314013132483,0.28881739627722225,0.7334173685967715,0.07086733072913583
refined,1.0122954843494305,test,121,0.9223413930651005,0.7793133515657693,-0.28514699881695355,0.28514699881695355,0.29043478340739864,0.44108916639433193,0.9880847251353263
refined,1.0122954843494305,train,197,0.9223413930651005,0.7793133515657693,-3.2957280446740687e-15,0.05967155600189615,0.09453635094233617,0.5517889352145096,0.9454001709790628
